"url","user_posted","description","hashtags","num_comments","date_posted","likes","photos","videos","location","latest_comments","post_id","discovery_input","has_handshake","display_url","shortcode","content_type","pk","content_id","engagement_score_view","thumbnail","video_view_count","product_type","coauthor_producers","tagged_users","video_play_count","followers","posts_count","profile_image_link","is_verified","is_paid_partnership","partnership_details","user_posted_id","post_content","audio","profile_url","videos_duration","images","alt_text","photos_number","timestamp","input","error","error_code","warning","warning_code"
,,,,,,,,,,,,,,,,,,,,,,,,,,,,,,,,,,,,,,,,"2025-06-16T04:04:52.426Z","{""url"":""https://www.instagram.com/mycarforum"",""num_of_posts"":2,""posts_to_not_include"":[],""start_date"":""06-01-2025"",""end_date"":""06-16-2025"",""post_type"":""Post""}",,,"no posts found, please check pinned posts detection","dead_page"
,,,,,,,,,,,,,,,,,,,,,,,,,,,,,,,,,,,,,,,,"2025-06-16T04:04:55.033Z","{""url"":""https://www.instagram.com/torque.sg"",""num_of_posts"":2,""posts_to_not_include"":[],""start_date"":""06-01-2025"",""end_date"":""06-16-2025"",""post_type"":""Post""}",,,"no posts found, please check pinned posts detection","dead_page"
,,,,,,,,,,,,,,,,,,,,,,,,,,,,,,,,,,,,,,,,"2025-06-16T04:04:55.316Z","{""url"":""https://www.instagram.com/topgear_singapore"",""num_of_posts"":2,""posts_to_not_include"":[],""start_date"":""06-01-2025"",""end_date"":""06-16-2025"",""post_type"":""Post""}",,,"no posts found, please check pinned posts detection","dead_page"
,,,,,,,,,,,,,,,,,,,,,,,,,,,,,,,,,,,,,,,,"2025-06-16T04:04:56.894Z","{""url"":""https://www.instagram.com/autoappsingapore"",""num_of_posts"":2,""posts_to_not_include"":[],""start_date"":""06-01-2025"",""end_date"":""06-16-2025"",""post_type"":""Post""}",,,"no posts found, please check pinned posts detection","dead_page"
"https://www.instagram.com/p/DKeLi2VSshg","sgcarmart","COE premiums fell across all categories this round! üìâ

üëâ Full breakdown at sgcarmart.com/coe-price",,1,"2025-06-04T08:06:44.000Z",167,"[""https://scontent-hou1-1.cdninstagram.com/v/t51.2885-15/504147703_18502322356012500_4857974309411431305_n.jpg?stp=dst-jpg_e35_p1080x1080_sh0.08_tt6&_nc_ht=scontent-hou1-1.cdninstagram.com&_nc_cat=100&_nc_oc=Q6cZ2QGCS2JtMKSByZDFq7iE0n5M9KIcy-HmrbSavYk5KZx0uXSu3Ri5zJspHQ5scsnKsPlGW5bzi2MMQttK5bt6LBaj&_nc_ohc=mbkG3lOu9zEQ7kNvwGSUNOg&_nc_gid=pXqbOVqHD3yQI6us4omX9g&edm=ANTKIIoBAAAA&ccb=7-5&oh=00_AfO7lxwqDo128nMmm8ipICRUdpdNZXpMh4vUtHH1MOcucA&oe=6855536D&_nc_sid=d885a2""]",,,"[{""comments"":""Cheap!"",""user_commenting"":""_l_do.0b_l_"",""likes"":0,""profile_picture"":""https://scontent-hou1-1.cdninstagram.com/v/t51.2885-19/507800436_18505368955044860_4530724580805558707_n.jpg?stp=dst-jpg_s150x150_tt6&_nc_ht=scontent-hou1-1.cdninstagram.com&_nc_cat=108&_nc_oc=Q6cZ2QGCS2JtMKSByZDFq7iE0n5M9KIcy-HmrbSavYk5KZx0uXSu3Ri5zJspHQ5scsnKsPlGW5bzi2MMQttK5bt6LBaj&_nc_ohc=2DhRG48ZLrwQ7kNvwFAVmzX&_nc_gid=pXqbOVqHD3yQI6us4omX9g&edm=ANTKIIoBAAAA&ccb=7-5&oh=00_AfOOt8loPqbhG4H0SxZsjbY8NLnMxT1madFC71p7q9O2_Q&oe=68555791&_nc_sid=d885a2""}]","3647403521529792608","{""url"":""https://www.instagram.com/sgcarmart"",""num_of_posts"":2,""posts_to_not_include"":[],""start_date"":""06-01-2025"",""end_date"":""06-16-2025"",""post_type"":""Post""}",,,"DKeLi2VSshg","Image","3647403521529792608","DKeLi2VSshg",,"https://scontent-hou1-1.cdninstagram.com/v/t51.2885-15/504147703_18502322356012500_4857974309411431305_n.jpg?stp=c0.169.1350.1350a_dst-jpg_e35_s640x640_sh0.08_tt6&_nc_ht=scontent-hou1-1.cdninstagram.com&_nc_cat=100&_nc_oc=Q6cZ2QGCS2JtMKSByZDFq7iE0n5M9KIcy-HmrbSavYk5KZx0uXSu3Ri5zJspHQ5scsnKsPlGW5bzi2MMQttK5bt6LBaj&_nc_ohc=mbkG3lOu9zEQ7kNvwGSUNOg&_nc_gid=pXqbOVqHD3yQI6us4omX9g&edm=ANTKIIoBAAAA&ccb=7-5&oh=00_AfOm8npu6eeG7D4LQE8b89-T_8ETna0RXdUs1fH_6-BnWQ&oe=6855536D&_nc_sid=d885a2",,,,,,30522,3858,"https://scontent-hou1-1.cdninstagram.com/v/t51.2885-19/290390140_759663418539113_5957964713519705967_n.jpg?stp=dst-jpg_s150x150_tt6&_nc_ht=scontent-hou1-1.cdninstagram.com&_nc_cat=105&_nc_oc=Q6cZ2QGCS2JtMKSByZDFq7iE0n5M9KIcy-HmrbSavYk5KZx0uXSu3Ri5zJspHQ5scsnKsPlGW5bzi2MMQttK5bt6LBaj&_nc_ohc=zIHKJnY68TAQ7kNvwGnktYp&_nc_gid=pXqbOVqHD3yQI6us4omX9g&edm=ANTKIIoBAAAA&ccb=7-5&oh=00_AfOf_evbo9Ioy5I63AL7tFDoCUP3viauorvgIR5Is7BUNg&oe=685584A0&_nc_sid=d885a2",true,false,"{""profile_id"":null,""username"":null,""profile_url"":null}","286028499","[{""index"":0,""type"":""Photo"",""url"":""https://scontent-hou1-1.cdninstagram.com/v/t51.2885-15/504147703_18502322356012500_4857974309411431305_n.jpg?stp=dst-jpg_e35_p1080x1080_sh0.08_tt6&_nc_ht=scontent-hou1-1.cdninstagram.com&_nc_cat=100&_nc_oc=Q6cZ2QGCS2JtMKSByZDFq7iE0n5M9KIcy-HmrbSavYk5KZx0uXSu3Ri5zJspHQ5scsnKsPlGW5bzi2MMQttK5bt6LBaj&_nc_ohc=mbkG3lOu9zEQ7kNvwGSUNOg&_nc_gid=pXqbOVqHD3yQI6us4omX9g&edm=ANTKIIoBAAAA&ccb=7-5&oh=00_AfO7lxwqDo128nMmm8ipICRUdpdNZXpMh4vUtHH1MOcucA&oe=6855536D&_nc_sid=d885a2"",""id"":""3647403521529792608""}]","{""audio_asset_id"":null,""original_audio_title"":null,""ig_artist_username"":null,""ig_artist_id"":null}","https://www.instagram.com/sgcarmart",,[],"Photo by Sgcarmart on June 04, 2025. May be an image of card, sedan and text.",0,"2025-06-16T04:05:01.055Z","{""url"":""https://www.instagram.com/p/DKeLi2VSshg""}",,,,
"https://www.instagram.com/p/DKvYwL_S9R4","oneshift","Visiting the BYD History Museum: The Electric Dream spanned Generations

A visit to the BYD History Museum revealed its headstrong push to succeed brought it to where it is today

Read more in our link in bio! 

Car you sell, Carousell. Get the highest quote for your car in just 24 hours, with assistance on paperwork too.",,0,"2025-06-11T00:29:14.000Z",6,"[""https://scontent-atl3-3.cdninstagram.com/v/t51.2885-15/505768475_18506454094058481_22646001212356528_n.jpg?stp=dst-jpg_e15_fr_p1080x1080_tt6&_nc_ht=scontent-atl3-3.cdninstagram.com&_nc_cat=109&_nc_oc=Q6cZ2QHmPNjtnVUtG4JbN-_actM_BCV2lnqOxu-mY5w74MH003NcTXn1QwzmniPx4elWPbA&_nc_ohc=s-CtL1eKYvAQ7kNvwHpDfry&_nc_gid=jUCoYk7Xw2U8KXlMN2aHWA&edm=ANTKIIoBAAAA&ccb=7-5&oh=00_AfPN0hcC4i7dh9MO4Vb9PuscLWre7mCqeiwA4DtoRJ1VMg&oe=68557F64&_nc_sid=d885a2"",""https://scontent-atl3-3.cdninstagram.com/v/t51.2885-15/505156045_18506454103058481_8077821228182809433_n.jpg?stp=dst-jpg_e15_fr_p1080x1080_tt6&_nc_ht=scontent-atl3-3.cdninstagram.com&_nc_cat=109&_nc_oc=Q6cZ2QHmPNjtnVUtG4JbN-_actM_BCV2lnqOxu-mY5w74MH003NcTXn1QwzmniPx4elWPbA&_nc_ohc=zJ1rTNXzTKMQ7kNvwGGjzrs&_nc_gid=jUCoYk7Xw2U8KXlMN2aHWA&edm=ANTKIIoBAAAA&ccb=7-5&oh=00_AfMuPZUKHVE1fKOKjAQrLv3BPhe27HdN7RI2a2_L5kzPXw&oe=685583EA&_nc_sid=d885a2"",""https://scontent-atl3-3.cdninstagram.com/v/t51.2885-15/506007691_18506454124058481_6247012467353701318_n.jpg?stp=dst-jpg_e15_fr_p1080x1080_tt6&_nc_ht=scontent-atl3-3.cdninstagram.com&_nc_cat=109&_nc_oc=Q6cZ2QHmPNjtnVUtG4JbN-_actM_BCV2lnqOxu-mY5w74MH003NcTXn1QwzmniPx4elWPbA&_nc_ohc=zN4toxpUbQ4Q7kNvwFOk9ut&_nc_gid=jUCoYk7Xw2U8KXlMN2aHWA&edm=ANTKIIoBAAAA&ccb=7-5&oh=00_AfOls0WH_6AwtfSCcKxMk-Mnx2Vi5Jhr7CNgmHCUim41hw&oe=68557934&_nc_sid=d885a2"",""https://scontent-atl3-3.cdninstagram.com/v/t51.2885-15/506078858_18506454136058481_5601618020261101371_n.jpg?stp=dst-jpg_e15_fr_p1080x1080_tt6&_nc_ht=scontent-atl3-3.cdninstagram.com&_nc_cat=109&_nc_oc=Q6cZ2QHmPNjtnVUtG4JbN-_actM_BCV2lnqOxu-mY5w74MH003NcTXn1QwzmniPx4elWPbA&_nc_ohc=3Xe7A3nFa2IQ7kNvwEmwPmb&_nc_gid=jUCoYk7Xw2U8KXlMN2aHWA&edm=ANTKIIoBAAAA&ccb=7-5&oh=00_AfOhBhlqzoy2Tdmk7VgzYJ9XzI9utI7fnkXKZLmGmdzFNQ&oe=6855597A&_nc_sid=d885a2"",""https://scontent-atl3-3.cdninstagram.com/v/t51.2885-15/505464326_18506454133058481_5902563030218206074_n.jpg?stp=dst-jpg_e15_fr_p1080x1080_tt6&_nc_ht=scontent-atl3-3.cdninstagram.com&_nc_cat=109&_nc_oc=Q6cZ2QHmPNjtnVUtG4JbN-_actM_BCV2lnqOxu-mY5w74MH003NcTXn1QwzmniPx4elWPbA&_nc_ohc=3S_xCuncCBMQ7kNvwHz2s_5&_nc_gid=jUCoYk7Xw2U8KXlMN2aHWA&edm=ANTKIIoBAAAA&ccb=7-5&oh=00_AfMUKdPnbu-Z49WY6vygWjvm4yQ10j4LYGukD_qOif5TSw&oe=68556193&_nc_sid=d885a2"",""https://scontent-atl3-3.cdninstagram.com/v/t51.2885-15/504448903_18506454139058481_5860346312033767338_n.jpg?stp=dst-jpg_e15_fr_p1080x1080_tt6&_nc_ht=scontent-atl3-3.cdninstagram.com&_nc_cat=109&_nc_oc=Q6cZ2QHmPNjtnVUtG4JbN-_actM_BCV2lnqOxu-mY5w74MH003NcTXn1QwzmniPx4elWPbA&_nc_ohc=kdoK0gE_vdQQ7kNvwF3HjJ0&_nc_gid=jUCoYk7Xw2U8KXlMN2aHWA&edm=ANTKIIoBAAAA&ccb=7-5&oh=00_AfNdWiUMcafsaIpvj4C88pzJhWObBhSoriBGYytI08rVWQ&oe=68554FA4&_nc_sid=d885a2"",""https://scontent-atl3-3.cdninstagram.com/v/t51.2885-15/505098955_18506454154058481_4568445163099461586_n.jpg?stp=dst-jpg_e15_fr_p1080x1080_tt6&_nc_ht=scontent-atl3-3.cdninstagram.com&_nc_cat=109&_nc_oc=Q6cZ2QHmPNjtnVUtG4JbN-_actM_BCV2lnqOxu-mY5w74MH003NcTXn1QwzmniPx4elWPbA&_nc_ohc=yeZ32uQgEyYQ7kNvwHk2mJK&_nc_gid=jUCoYk7Xw2U8KXlMN2aHWA&edm=ANTKIIoBAAAA&ccb=7-5&oh=00_AfMYOY-3tlspuGfRRKYLccvEd7wUwnL5_XJ4Hl36O3NMUA&oe=68558339&_nc_sid=d885a2"",""https://scontent-atl3-3.cdninstagram.com/v/t51.2885-15/505111245_18506454163058481_766608579574259372_n.jpg?stp=dst-jpg_e15_fr_p1080x1080_tt6&_nc_ht=scontent-atl3-3.cdninstagram.com&_nc_cat=109&_nc_oc=Q6cZ2QHmPNjtnVUtG4JbN-_actM_BCV2lnqOxu-mY5w74MH003NcTXn1QwzmniPx4elWPbA&_nc_ohc=-ai9ipEvFVkQ7kNvwHVOdFU&_nc_gid=jUCoYk7Xw2U8KXlMN2aHWA&edm=ANTKIIoBAAAA&ccb=7-5&oh=00_AfPrCyd14fUO4UAwCYls9yEZyAy-SKwPoYGs3Ta3xNEkgw&oe=68556A3F&_nc_sid=d885a2"",""https://scontent-atl3-3.cdninstagram.com/v/t51.2885-15/505754899_18506454172058481_5423380512331753936_n.jpg?stp=dst-jpg_e15_fr_p1080x1080_tt6&_nc_ht=scontent-atl3-3.cdninstagram.com&_nc_cat=109&_nc_oc=Q6cZ2QHmPNjtnVUtG4JbN-_actM_BCV2lnqOxu-mY5w74MH003NcTXn1QwzmniPx4elWPbA&_nc_ohc=_icr3aX89xUQ7kNvwFFoBKz&_nc_gid=jUCoYk7Xw2U8KXlMN2aHWA&edm=ANTKIIoBAAAA&ccb=7-5&oh=00_AfO-DB0lIT5hwWM5pbOuj1ACT4oq7pfakRcILpTpn5X-jA&oe=68556AA4&_nc_sid=d885a2"",""https://scontent-atl3-3.cdninstagram.com/v/t51.2885-15/506261459_18506454175058481_4792147193097134658_n.jpg?stp=dst-jpg_e15_fr_p1080x1080_tt6&_nc_ht=scontent-atl3-3.cdninstagram.com&_nc_cat=109&_nc_oc=Q6cZ2QHmPNjtnVUtG4JbN-_actM_BCV2lnqOxu-mY5w74MH003NcTXn1QwzmniPx4elWPbA&_nc_ohc=bsvJ4V0jEdUQ7kNvwEY_Ffa&_nc_gid=jUCoYk7Xw2U8KXlMN2aHWA&edm=ANTKIIoBAAAA&ccb=7-5&oh=00_AfO5nDVudfzszZ80oH2oBGmIb3ifTr9-RuJO1aZywaqFXQ&oe=68557710&_nc_sid=d885a2""]",,,,"3652246687345005688","{""url"":""https://www.instagram.com/oneshift"",""num_of_posts"":2,""posts_to_not_include"":[],""start_date"":""06-01-2025"",""end_date"":""06-16-2025"",""post_type"":""Post""}",,,"DKvYwL_S9R4","Carousel","3652246687345005688","DKvYwL_S9R4",,"https://scontent-atl3-3.cdninstagram.com/v/t51.2885-15/505768475_18506454094058481_22646001212356528_n.jpg?stp=c0.135.1080.1080a_dst-jpg_e35_s640x640_sh0.08_tt6&_nc_ht=scontent-atl3-3.cdninstagram.com&_nc_cat=109&_nc_oc=Q6cZ2QHmPNjtnVUtG4JbN-_actM_BCV2lnqOxu-mY5w74MH003NcTXn1QwzmniPx4elWPbA&_nc_ohc=s-CtL1eKYvAQ7kNvwHpDfry&_nc_gid=jUCoYk7Xw2U8KXlMN2aHWA&edm=ANTKIIoBAAAA&ccb=7-5&oh=00_AfPZlnk8Pd2gnq0RJFQbHvk1j8EyeBchmZKIvJ53dAW6Fg&oe=68557F64&_nc_sid=d885a2",,,,"[{""full_name"":""BYD Global"",""id"":""7394181894"",""is_verified"":true,""profile_pic_url"":""https://scontent-atl3-3.cdninstagram.com/v/t51.2885-19/274064625_1360616361067473_4886707282393857314_n.jpg?stp=dst-jpg_s150x150_tt6&_nc_ht=scontent-atl3-3.cdninstagram.com&_nc_cat=109&_nc_oc=Q6cZ2QHmPNjtnVUtG4JbN-_actM_BCV2lnqOxu-mY5w74MH003NcTXn1QwzmniPx4elWPbA&_nc_ohc=2lyZO-de6CgQ7kNvwHciDt0&_nc_gid=jUCoYk7Xw2U8KXlMN2aHWA&edm=ANTKIIoBAAAA&ccb=7-5&oh=00_AfNuGVH5t52Nssrgag3d2UVLRVE76fqG7asevaS-s-9TMw&oe=68555032&_nc_sid=d885a2"",""username"":""byd_global""},{""full_name"":""BYD Singapore"",""id"":""28160628475"",""is_verified"":false,""profile_pic_url"":""https://scontent-atl3-3.cdninstagram.com/v/t51.2885-19/274191054_1038448310038329_5127526959882370763_n.jpg?stp=dst-jpg_s150x150_tt6&_nc_ht=scontent-atl3-3.cdninstagram.com&_nc_cat=109&_nc_oc=Q6cZ2QHmPNjtnVUtG4JbN-_actM_BCV2lnqOxu-mY5w74MH003NcTXn1QwzmniPx4elWPbA&_nc_ohc=-S5CNP2UcIkQ7kNvwGiIhtu&_nc_gid=jUCoYk7Xw2U8KXlMN2aHWA&edm=ANTKIIoBAAAA&ccb=7-5&oh=00_AfMwl9Q4ZaLBY_V5G4h5saeEpjkr05jmPHsLAYc4B9bBxA&oe=68554EE0&_nc_sid=d885a2"",""username"":""byd_sg""},{""full_name"":""BYD by 1826 Singapore"",""id"":""59912387454"",""is_verified"":true,""profile_pic_url"":""https://scontent-atl3-2.cdninstagram.com/v/t51.2885-19/352849727_1382757525630092_2334794651239802202_n.jpg?stp=dst-jpg_s150x150_tt6&_nc_ht=scontent-atl3-2.cdninstagram.com&_nc_cat=108&_nc_oc=Q6cZ2QHmPNjtnVUtG4JbN-_actM_BCV2lnqOxu-mY5w74MH003NcTXn1QwzmniPx4elWPbA&_nc_ohc=SrjpfPq6_rMQ7kNvwEk6dTj&_nc_gid=jUCoYk7Xw2U8KXlMN2aHWA&edm=ANTKIIoBAAAA&ccb=7-5&oh=00_AfPktHc_tOZbitvEkW2rk7j9ElZpyzJSsBBe84YH_-i-uQ&oe=68554F07&_nc_sid=d885a2"",""username"":""bydby1826_singapore""},{""full_name"":""BYD Singapore by Sime Motors"",""id"":""58930839995"",""is_verified"":false,""profile_pic_url"":""https://scontent-atl3-3.cdninstagram.com/v/t51.2885-19/340518147_1256952531893073_6955414840261455240_n.jpg?stp=dst-jpg_s150x150_tt6&_nc_ht=scontent-atl3-3.cdninstagram.com&_nc_cat=109&_nc_oc=Q6cZ2QHmPNjtnVUtG4JbN-_actM_BCV2lnqOxu-mY5w74MH003NcTXn1QwzmniPx4elWPbA&_nc_ohc=ZmtBPt5FEYoQ7kNvwGKH9aU&_nc_gid=jUCoYk7Xw2U8KXlMN2aHWA&edm=ANTKIIoBAAAA&ccb=7-5&oh=00_AfPTedOIXW4q0A18NxDTVRSAq2SM-J_Tj-AOj5-JZf_JYg&oe=68556953&_nc_sid=d885a2"",""username"":""bydcars.sg""},{""full_name"":""BYD Singapore by Harmony Auto"",""id"":""65238754269"",""is_verified"":false,""profile_pic_url"":""https://scontent-atl3-2.cdninstagram.com/v/t51.2885-19/433894152_841603637980934_8339436496992117621_n.jpg?stp=dst-jpg_s150x150_tt6&_nc_ht=scontent-atl3-2.cdninstagram.com&_nc_cat=102&_nc_oc=Q6cZ2QHmPNjtnVUtG4JbN-_actM_BCV2lnqOxu-mY5w74MH003NcTXn1QwzmniPx4elWPbA&_nc_ohc=8ANQB4RDGu8Q7kNvwF0p7IV&_nc_gid=jUCoYk7Xw2U8KXlMN2aHWA&edm=ANTKIIoBAAAA&ccb=7-5&oh=00_AfOikClQhNO4z02MxrXG8xCTOWD5ZgsfdwK2ItVr1bpxwQ&oe=6855855C&_nc_sid=d885a2"",""username"":""bydharmony.sg""},{""full_name"":""BYD Singapore by Motor-East Pte Ltd"",""id"":""36656864528"",""is_verified"":false,""profile_pic_url"":""https://scontent-atl3-3.cdninstagram.com/v/t51.2885-19/448325758_353579897835609_5790798623393663910_n.jpg?stp=dst-jpg_s150x150_tt6&_nc_ht=scontent-atl3-3.cdninstagram.com&_nc_cat=109&_nc_oc=Q6cZ2QHmPNjtnVUtG4JbN-_actM_BCV2lnqOxu-mY5w74MH003NcTXn1QwzmniPx4elWPbA&_nc_ohc=f4LIsqoniKAQ7kNvwFNCRki&_nc_gid=jUCoYk7Xw2U8KXlMN2aHWA&edm=ANTKIIoBAAAA&ccb=7-5&oh=00_AfOgiHuXtDwAXxHt57u0nAnXUAB73SFsSzbi0eN7GAJLmg&oe=68557F28&_nc_sid=d885a2"",""username"":""bydmotoreast.sg""},{""full_name"":""BYD Trucks Singapore by Inchcape+"",""id"":""68787635458"",""is_verified"":false,""profile_pic_url"":""https://scontent-atl3-2.cdninstagram.com/v/t51.2885-19/465999965_3773249816338512_158916706820834961_n.jpg?stp=dst-jpg_s150x150_tt6&_nc_ht=scontent-atl3-2.cdninstagram.com&_nc_cat=100&_nc_oc=Q6cZ2QHmPNjtnVUtG4JbN-_actM_BCV2lnqOxu-mY5w74MH003NcTXn1QwzmniPx4elWPbA&_nc_ohc=MiKMr2MoFSUQ7kNvwFNA0TK&_nc_gid=jUCoYk7Xw2U8KXlMN2aHWA&edm=ANTKIIoBAAAA&ccb=7-5&oh=00_AfPCLOcZJvnFyeDZwLPYTk2hCBA8SkKwqLXzR0tYzHv_AA&oe=68555969&_nc_sid=d885a2"",""username"":""bydtrucks.sg""}]",,2799,1431,"https://scontent-atl3-3.cdninstagram.com/v/t51.2885-19/100616514_274729840334671_2062863674053230592_n.jpg?stp=dst-jpg_s150x150_tt6&_nc_ht=scontent-atl3-3.cdninstagram.com&_nc_cat=107&_nc_oc=Q6cZ2QHmPNjtnVUtG4JbN-_actM_BCV2lnqOxu-mY5w74MH003NcTXn1QwzmniPx4elWPbA&_nc_ohc=JFcmTOMxyawQ7kNvwGEsgSr&_nc_gid=jUCoYk7Xw2U8KXlMN2aHWA&edm=ANTKIIoBAAAA&ccb=7-5&oh=00_AfO57tDIYP5oliM4BTKMNS2rJqZF0ZYZY0kL3RsyZG-JVA&oe=685566F5&_nc_sid=d885a2",false,false,"{""profile_id"":null,""username"":null,""profile_url"":null}","365306480","[{""index"":0,""type"":""Photo"",""url"":""https://scontent-atl3-3.cdninstagram.com/v/t51.2885-15/505768475_18506454094058481_22646001212356528_n.jpg?stp=dst-jpg_e15_fr_p1080x1080_tt6&_nc_ht=scontent-atl3-3.cdninstagram.com&_nc_cat=109&_nc_oc=Q6cZ2QHmPNjtnVUtG4JbN-_actM_BCV2lnqOxu-mY5w74MH003NcTXn1QwzmniPx4elWPbA&_nc_ohc=s-CtL1eKYvAQ7kNvwHpDfry&_nc_gid=jUCoYk7Xw2U8KXlMN2aHWA&edm=ANTKIIoBAAAA&ccb=7-5&oh=00_AfPN0hcC4i7dh9MO4Vb9PuscLWre7mCqeiwA4DtoRJ1VMg&oe=68557F64&_nc_sid=d885a2"",""id"":""3652246670097799743""},{""index"":1,""type"":""Photo"",""url"":""https://scontent-atl3-3.cdninstagram.com/v/t51.2885-15/505156045_18506454103058481_8077821228182809433_n.jpg?stp=dst-jpg_e15_fr_p1080x1080_tt6&_nc_ht=scontent-atl3-3.cdninstagram.com&_nc_cat=109&_nc_oc=Q6cZ2QHmPNjtnVUtG4JbN-_actM_BCV2lnqOxu-mY5w74MH003NcTXn1QwzmniPx4elWPbA&_nc_ohc=zJ1rTNXzTKMQ7kNvwGGjzrs&_nc_gid=jUCoYk7Xw2U8KXlMN2aHWA&edm=ANTKIIoBAAAA&ccb=7-5&oh=00_AfMuPZUKHVE1fKOKjAQrLv3BPhe27HdN7RI2a2_L5kzPXw&oe=685583EA&_nc_sid=d885a2"",""id"":""3652246670106354320""},{""index"":2,""type"":""Photo"",""url"":""https://scontent-atl3-3.cdninstagram.com/v/t51.2885-15/506007691_18506454124058481_6247012467353701318_n.jpg?stp=dst-jpg_e15_fr_p1080x1080_tt6&_nc_ht=scontent-atl3-3.cdninstagram.com&_nc_cat=109&_nc_oc=Q6cZ2QHmPNjtnVUtG4JbN-_actM_BCV2lnqOxu-mY5w74MH003NcTXn1QwzmniPx4elWPbA&_nc_ohc=zN4toxpUbQ4Q7kNvwFOk9ut&_nc_gid=jUCoYk7Xw2U8KXlMN2aHWA&edm=ANTKIIoBAAAA&ccb=7-5&oh=00_AfOls0WH_6AwtfSCcKxMk-Mnx2Vi5Jhr7CNgmHCUim41hw&oe=68557934&_nc_sid=d885a2"",""id"":""3652246670097826202""},{""index"":3,""type"":""Photo"",""url"":""https://scontent-atl3-3.cdninstagram.com/v/t51.2885-15/506078858_18506454136058481_5601618020261101371_n.jpg?stp=dst-jpg_e15_fr_p1080x1080_tt6&_nc_ht=scontent-atl3-3.cdninstagram.com&_nc_cat=109&_nc_oc=Q6cZ2QHmPNjtnVUtG4JbN-_actM_BCV2lnqOxu-mY5w74MH003NcTXn1QwzmniPx4elWPbA&_nc_ohc=3Xe7A3nFa2IQ7kNvwEmwPmb&_nc_gid=jUCoYk7Xw2U8KXlMN2aHWA&edm=ANTKIIoBAAAA&ccb=7-5&oh=00_AfOhBhlqzoy2Tdmk7VgzYJ9XzI9utI7fnkXKZLmGmdzFNQ&oe=6855597A&_nc_sid=d885a2"",""id"":""3652246670383184441""},{""index"":4,""type"":""Photo"",""url"":""https://scontent-atl3-3.cdninstagram.com/v/t51.2885-15/505464326_18506454133058481_5902563030218206074_n.jpg?stp=dst-jpg_e15_fr_p1080x1080_tt6&_nc_ht=scontent-atl3-3.cdninstagram.com&_nc_cat=109&_nc_oc=Q6cZ2QHmPNjtnVUtG4JbN-_actM_BCV2lnqOxu-mY5w74MH003NcTXn1QwzmniPx4elWPbA&_nc_ohc=3S_xCuncCBMQ7kNvwHz2s_5&_nc_gid=jUCoYk7Xw2U8KXlMN2aHWA&edm=ANTKIIoBAAAA&ccb=7-5&oh=00_AfMUKdPnbu-Z49WY6vygWjvm4yQ10j4LYGukD_qOif5TSw&oe=68556193&_nc_sid=d885a2"",""id"":""3652246670274148573""},{""index"":5,""type"":""Photo"",""url"":""https://scontent-atl3-3.cdninstagram.com/v/t51.2885-15/504448903_18506454139058481_5860346312033767338_n.jpg?stp=dst-jpg_e15_fr_p1080x1080_tt6&_nc_ht=scontent-atl3-3.cdninstagram.com&_nc_cat=109&_nc_oc=Q6cZ2QHmPNjtnVUtG4JbN-_actM_BCV2lnqOxu-mY5w74MH003NcTXn1QwzmniPx4elWPbA&_nc_ohc=kdoK0gE_vdQQ7kNvwF3HjJ0&_nc_gid=jUCoYk7Xw2U8KXlMN2aHWA&edm=ANTKIIoBAAAA&ccb=7-5&oh=00_AfNdWiUMcafsaIpvj4C88pzJhWObBhSoriBGYytI08rVWQ&oe=68554FA4&_nc_sid=d885a2"",""id"":""3652246670106388461""},{""index"":6,""type"":""Photo"",""url"":""https://scontent-atl3-3.cdninstagram.com/v/t51.2885-15/505098955_18506454154058481_4568445163099461586_n.jpg?stp=dst-jpg_e15_fr_p1080x1080_tt6&_nc_ht=scontent-atl3-3.cdninstagram.com&_nc_cat=109&_nc_oc=Q6cZ2QHmPNjtnVUtG4JbN-_actM_BCV2lnqOxu-mY5w74MH003NcTXn1QwzmniPx4elWPbA&_nc_ohc=yeZ32uQgEyYQ7kNvwHk2mJK&_nc_gid=jUCoYk7Xw2U8KXlMN2aHWA&edm=ANTKIIoBAAAA&ccb=7-5&oh=00_AfMYOY-3tlspuGfRRKYLccvEd7wUwnL5_XJ4Hl36O3NMUA&oe=68558339&_nc_sid=d885a2"",""id"":""3652246670097829387""},{""index"":7,""type"":""Photo"",""url"":""https://scontent-atl3-3.cdninstagram.com/v/t51.2885-15/505111245_18506454163058481_766608579574259372_n.jpg?stp=dst-jpg_e15_fr_p1080x1080_tt6&_nc_ht=scontent-atl3-3.cdninstagram.com&_nc_cat=109&_nc_oc=Q6cZ2QHmPNjtnVUtG4JbN-_actM_BCV2lnqOxu-mY5w74MH003NcTXn1QwzmniPx4elWPbA&_nc_ohc=-ai9ipEvFVkQ7kNvwHVOdFU&_nc_gid=jUCoYk7Xw2U8KXlMN2aHWA&edm=ANTKIIoBAAAA&ccb=7-5&oh=00_AfPrCyd14fUO4UAwCYls9yEZyAy-SKwPoYGs3Ta3xNEkgw&oe=68556A3F&_nc_sid=d885a2"",""id"":""3652246670441819962""},{""index"":8,""type"":""Photo"",""url"":""https://scontent-atl3-3.cdninstagram.com/v/t51.2885-15/505754899_18506454172058481_5423380512331753936_n.jpg?stp=dst-jpg_e15_fr_p1080x1080_tt6&_nc_ht=scontent-atl3-3.cdninstagram.com&_nc_cat=109&_nc_oc=Q6cZ2QHmPNjtnVUtG4JbN-_actM_BCV2lnqOxu-mY5w74MH003NcTXn1QwzmniPx4elWPbA&_nc_ohc=_icr3aX89xUQ7kNvwFFoBKz&_nc_gid=jUCoYk7Xw2U8KXlMN2aHWA&edm=ANTKIIoBAAAA&ccb=7-5&oh=00_AfO-DB0lIT5hwWM5pbOuj1ACT4oq7pfakRcILpTpn5X-jA&oe=68556AA4&_nc_sid=d885a2"",""id"":""3652246670106279046""},{""index"":9,""type"":""Photo"",""url"":""https://scontent-atl3-3.cdninstagram.com/v/t51.2885-15/506261459_18506454175058481_4792147193097134658_n.jpg?stp=dst-jpg_e15_fr_p1080x1080_tt6&_nc_ht=scontent-atl3-3.cdninstagram.com&_nc_cat=109&_nc_oc=Q6cZ2QHmPNjtnVUtG4JbN-_actM_BCV2lnqOxu-mY5w74MH003NcTXn1QwzmniPx4elWPbA&_nc_ohc=bsvJ4V0jEdUQ7kNvwEY_Ffa&_nc_gid=jUCoYk7Xw2U8KXlMN2aHWA&edm=ANTKIIoBAAAA&ccb=7-5&oh=00_AfO5nDVudfzszZ80oH2oBGmIb3ifTr9-RuJO1aZywaqFXQ&oe=68557710&_nc_sid=d885a2"",""id"":""3652246670274192914""}]","{""audio_asset_id"":null,""original_audio_title"":null,""ig_artist_username"":null,""ig_artist_id"":null}","https://www.instagram.com/oneshift",[],"[{""url"":""https://scontent-atl3-3.cdninstagram.com/v/t51.2885-15/505768475_18506454094058481_22646001212356528_n.jpg?stp=dst-jpg_e15_fr_p1080x1080_tt6&_nc_ht=scontent-atl3-3.cdninstagram.com&_nc_cat=109&_nc_oc=Q6cZ2QHmPNjtnVUtG4JbN-_actM_BCV2lnqOxu-mY5w74MH003NcTXn1QwzmniPx4elWPbA&_nc_ohc=s-CtL1eKYvAQ7kNvwHpDfry&_nc_gid=jUCoYk7Xw2U8KXlMN2aHWA&edm=ANTKIIoBAAAA&ccb=7-5&oh=00_AfPN0hcC4i7dh9MO4Vb9PuscLWre7mCqeiwA4DtoRJ1VMg&oe=68557F64&_nc_sid=d885a2"",""id"":""3652246670097799743""},{""url"":""https://scontent-atl3-3.cdninstagram.com/v/t51.2885-15/505156045_18506454103058481_8077821228182809433_n.jpg?stp=dst-jpg_e15_fr_p1080x1080_tt6&_nc_ht=scontent-atl3-3.cdninstagram.com&_nc_cat=109&_nc_oc=Q6cZ2QHmPNjtnVUtG4JbN-_actM_BCV2lnqOxu-mY5w74MH003NcTXn1QwzmniPx4elWPbA&_nc_ohc=zJ1rTNXzTKMQ7kNvwGGjzrs&_nc_gid=jUCoYk7Xw2U8KXlMN2aHWA&edm=ANTKIIoBAAAA&ccb=7-5&oh=00_AfMuPZUKHVE1fKOKjAQrLv3BPhe27HdN7RI2a2_L5kzPXw&oe=685583EA&_nc_sid=d885a2"",""id"":""3652246670106354320""},{""url"":""https://scontent-atl3-3.cdninstagram.com/v/t51.2885-15/506007691_18506454124058481_6247012467353701318_n.jpg?stp=dst-jpg_e15_fr_p1080x1080_tt6&_nc_ht=scontent-atl3-3.cdninstagram.com&_nc_cat=109&_nc_oc=Q6cZ2QHmPNjtnVUtG4JbN-_actM_BCV2lnqOxu-mY5w74MH003NcTXn1QwzmniPx4elWPbA&_nc_ohc=zN4toxpUbQ4Q7kNvwFOk9ut&_nc_gid=jUCoYk7Xw2U8KXlMN2aHWA&edm=ANTKIIoBAAAA&ccb=7-5&oh=00_AfOls0WH_6AwtfSCcKxMk-Mnx2Vi5Jhr7CNgmHCUim41hw&oe=68557934&_nc_sid=d885a2"",""id"":""3652246670097826202""},{""url"":""https://scontent-atl3-3.cdninstagram.com/v/t51.2885-15/506078858_18506454136058481_5601618020261101371_n.jpg?stp=dst-jpg_e15_fr_p1080x1080_tt6&_nc_ht=scontent-atl3-3.cdninstagram.com&_nc_cat=109&_nc_oc=Q6cZ2QHmPNjtnVUtG4JbN-_actM_BCV2lnqOxu-mY5w74MH003NcTXn1QwzmniPx4elWPbA&_nc_ohc=3Xe7A3nFa2IQ7kNvwEmwPmb&_nc_gid=jUCoYk7Xw2U8KXlMN2aHWA&edm=ANTKIIoBAAAA&ccb=7-5&oh=00_AfOhBhlqzoy2Tdmk7VgzYJ9XzI9utI7fnkXKZLmGmdzFNQ&oe=6855597A&_nc_sid=d885a2"",""id"":""3652246670383184441""},{""url"":""https://scontent-atl3-3.cdninstagram.com/v/t51.2885-15/505464326_18506454133058481_5902563030218206074_n.jpg?stp=dst-jpg_e15_fr_p1080x1080_tt6&_nc_ht=scontent-atl3-3.cdninstagram.com&_nc_cat=109&_nc_oc=Q6cZ2QHmPNjtnVUtG4JbN-_actM_BCV2lnqOxu-mY5w74MH003NcTXn1QwzmniPx4elWPbA&_nc_ohc=3S_xCuncCBMQ7kNvwHz2s_5&_nc_gid=jUCoYk7Xw2U8KXlMN2aHWA&edm=ANTKIIoBAAAA&ccb=7-5&oh=00_AfMUKdPnbu-Z49WY6vygWjvm4yQ10j4LYGukD_qOif5TSw&oe=68556193&_nc_sid=d885a2"",""id"":""3652246670274148573""},{""url"":""https://scontent-atl3-3.cdninstagram.com/v/t51.2885-15/504448903_18506454139058481_5860346312033767338_n.jpg?stp=dst-jpg_e15_fr_p1080x1080_tt6&_nc_ht=scontent-atl3-3.cdninstagram.com&_nc_cat=109&_nc_oc=Q6cZ2QHmPNjtnVUtG4JbN-_actM_BCV2lnqOxu-mY5w74MH003NcTXn1QwzmniPx4elWPbA&_nc_ohc=kdoK0gE_vdQQ7kNvwF3HjJ0&_nc_gid=jUCoYk7Xw2U8KXlMN2aHWA&edm=ANTKIIoBAAAA&ccb=7-5&oh=00_AfNdWiUMcafsaIpvj4C88pzJhWObBhSoriBGYytI08rVWQ&oe=68554FA4&_nc_sid=d885a2"",""id"":""3652246670106388461""},{""url"":""https://scontent-atl3-3.cdninstagram.com/v/t51.2885-15/505098955_18506454154058481_4568445163099461586_n.jpg?stp=dst-jpg_e15_fr_p1080x1080_tt6&_nc_ht=scontent-atl3-3.cdninstagram.com&_nc_cat=109&_nc_oc=Q6cZ2QHmPNjtnVUtG4JbN-_actM_BCV2lnqOxu-mY5w74MH003NcTXn1QwzmniPx4elWPbA&_nc_ohc=yeZ32uQgEyYQ7kNvwHk2mJK&_nc_gid=jUCoYk7Xw2U8KXlMN2aHWA&edm=ANTKIIoBAAAA&ccb=7-5&oh=00_AfMYOY-3tlspuGfRRKYLccvEd7wUwnL5_XJ4Hl36O3NMUA&oe=68558339&_nc_sid=d885a2"",""id"":""3652246670097829387""},{""url"":""https://scontent-atl3-3.cdninstagram.com/v/t51.2885-15/505111245_18506454163058481_766608579574259372_n.jpg?stp=dst-jpg_e15_fr_p1080x1080_tt6&_nc_ht=scontent-atl3-3.cdninstagram.com&_nc_cat=109&_nc_oc=Q6cZ2QHmPNjtnVUtG4JbN-_actM_BCV2lnqOxu-mY5w74MH003NcTXn1QwzmniPx4elWPbA&_nc_ohc=-ai9ipEvFVkQ7kNvwHVOdFU&_nc_gid=jUCoYk7Xw2U8KXlMN2aHWA&edm=ANTKIIoBAAAA&ccb=7-5&oh=00_AfPrCyd14fUO4UAwCYls9yEZyAy-SKwPoYGs3Ta3xNEkgw&oe=68556A3F&_nc_sid=d885a2"",""id"":""3652246670441819962""},{""url"":""https://scontent-atl3-3.cdninstagram.com/v/t51.2885-15/505754899_18506454172058481_5423380512331753936_n.jpg?stp=dst-jpg_e15_fr_p1080x1080_tt6&_nc_ht=scontent-atl3-3.cdninstagram.com&_nc_cat=109&_nc_oc=Q6cZ2QHmPNjtnVUtG4JbN-_actM_BCV2lnqOxu-mY5w74MH003NcTXn1QwzmniPx4elWPbA&_nc_ohc=_icr3aX89xUQ7kNvwFFoBKz&_nc_gid=jUCoYk7Xw2U8KXlMN2aHWA&edm=ANTKIIoBAAAA&ccb=7-5&oh=00_AfO-DB0lIT5hwWM5pbOuj1ACT4oq7pfakRcILpTpn5X-jA&oe=68556AA4&_nc_sid=d885a2"",""id"":""3652246670106279046""},{""url"":""https://scontent-atl3-3.cdninstagram.com/v/t51.2885-15/506261459_18506454175058481_4792147193097134658_n.jpg?stp=dst-jpg_e15_fr_p1080x1080_tt6&_nc_ht=scontent-atl3-3.cdninstagram.com&_nc_cat=109&_nc_oc=Q6cZ2QHmPNjtnVUtG4JbN-_actM_BCV2lnqOxu-mY5w74MH003NcTXn1QwzmniPx4elWPbA&_nc_ohc=bsvJ4V0jEdUQ7kNvwEY_Ffa&_nc_gid=jUCoYk7Xw2U8KXlMN2aHWA&edm=ANTKIIoBAAAA&ccb=7-5&oh=00_AfO5nDVudfzszZ80oH2oBGmIb3ifTr9-RuJO1aZywaqFXQ&oe=68557710&_nc_sid=d885a2"",""id"":""3652246670274192914""}]","Photo shared by OneShift.com on June 10, 2025 tagging @byd_global, @byd_sg, @bydmotoreast.sg, @bydcars.sg, @bydby1826_singapore, @bydharmony.sg, and @bydtrucks.sg. May be an image of text that says 'SWIPE >>> Visiting the BYD History Museum: The Electric Dream spanned Generation A visit to the BYD History Museum revealed its headstrong push to succeed brought it to where it is toda OneShift by carousell Features'.",10,"2025-06-16T04:05:01.330Z","{""url"":""https://www.instagram.com/p/DKvYwL_S9R4""}",,,,
"https://www.instagram.com/p/DK6y8oxS4fc","theofficialoto","Di Tiongkok, BYD Seal 06 DM-i versi station wagon sudah mulai tiba di diler jelang peluncuran resminya. Meski harga belum diumumkan, spesifikasi dan desain sudah dipublikasikan. Berbeda dengan Seal EV sedan yang dijual di Indonesia, versi wagon ini memiliki dimensi lebih panjang, yakni 4,85 meter.

Mobil ini akan segera dipasarkan di dalam negeri, dan tak menutup kemungkinan hadir secara global. Salah satu trim BYD Seal 06 DM-i mengusung mesin bensin yang dipadukan dengan motor listrik 160 kW (218 PS), serta baterai LFP 15,874 kWh yang mampu menempuh jarak hingga 83 km dalam mode full elektrik. Peluang masuk ke pasar Indonesia tetap terbuka. Namun, untuk saat ini BYD Motor masih memprioritaskan penjualan mobil listrik murni (EV) serta pengembangan sub-brand Denza.

Sumber: OTO.com

#otocom #bydseal06 #seal06 #wagon #mobilhybrid #infootomotif","[""#otocom"",""#bydseal06"",""#seal06"",""#wagon"",""#mobilhybrid"",""#infootomotif""]",1,"2025-06-15T10:49:46.000Z",,"[""https://scontent-hou1-1.cdninstagram.com/v/t51.2885-15/508109968_18490800148071773_6366344274039717117_n.jpg?stp=dst-jpg_e15_fr_p1080x1080_tt6&_nc_ht=scontent-hou1-1.cdninstagram.com&_nc_cat=105&_nc_oc=Q6cZ2QGjcB8vu_j1FO52HVcDqPVM0TP-cMnPEJLnpL-_zazHysjrA3C8Fw--_9Wn7oWJSOc&_nc_ohc=73upbGvBblgQ7kNvwFywPqH&_nc_gid=X9Lxa-Lg3rF6CIMEbS4Xhg&edm=ANTKIIoBAAAA&ccb=7-5&oh=00_AfPyZXL4bynnCY7ICk9v_94ZmVsPLPtcCteJK9xQX-l88A&oe=68557BCA&_nc_sid=d885a2"",""https://scontent-hou1-1.cdninstagram.com/v/t51.2885-15/508134075_18490800157071773_5478954219065670454_n.jpg?stp=dst-jpg_e15_fr_p1080x1080_tt6&_nc_ht=scontent-hou1-1.cdninstagram.com&_nc_cat=105&_nc_oc=Q6cZ2QGjcB8vu_j1FO52HVcDqPVM0TP-cMnPEJLnpL-_zazHysjrA3C8Fw--_9Wn7oWJSOc&_nc_ohc=66RT-WM2pVwQ7kNvwEKtERb&_nc_gid=X9Lxa-Lg3rF6CIMEbS4Xhg&edm=ANTKIIoBAAAA&ccb=7-5&oh=00_AfPwaS10as3C1djXLioMBsjQebvyx4Lbus6xMXMNOyz4UQ&oe=68555746&_nc_sid=d885a2""]",,,"[{""comments"":""Ingat byd, ingat hilmi"",""user_commenting"":""dhayfanhilmi"",""likes"":1,""profile_picture"":""https://scontent-hou1-1.cdninstagram.com/v/t51.2885-19/466372081_602470478796351_7004105332273915845_n.jpg?stp=dst-jpg_s150x150_tt6&_nc_ht=scontent-hou1-1.cdninstagram.com&_nc_cat=103&_nc_oc=Q6cZ2QGjcB8vu_j1FO52HVcDqPVM0TP-cMnPEJLnpL-_zazHysjrA3C8Fw--_9Wn7oWJSOc&_nc_ohc=wnQTLjOrB9kQ7kNvwEHbJor&_nc_gid=X9Lxa-Lg3rF6CIMEbS4Xhg&edm=ANTKIIoBAAAA&ccb=7-5&oh=00_AfNwIlZ7OI4944pr2OFWXL7mWyYTn5mv_1UzLMzBOlN1AA&oe=685567B3&_nc_sid=d885a2""}]","3655458116835444700","{""url"":""https://www.instagram.com/theofficialoto/"",""num_of_posts"":2,""posts_to_not_include"":[],""start_date"":""06-01-2025"",""end_date"":""06-16-2025"",""post_type"":""Post""}",,,"DK6y8oxS4fc","Carousel","3655458116835444700","DK6y8oxS4fc",,"https://scontent-hou1-1.cdninstagram.com/v/t51.2885-15/508109968_18490800148071773_6366344274039717117_n.jpg?stp=c0.133.1080.1080a_dst-jpg_e35_s640x640_sh0.08_tt6&_nc_ht=scontent-hou1-1.cdninstagram.com&_nc_cat=105&_nc_oc=Q6cZ2QGjcB8vu_j1FO52HVcDqPVM0TP-cMnPEJLnpL-_zazHysjrA3C8Fw--_9Wn7oWJSOc&_nc_ohc=73upbGvBblgQ7kNvwFywPqH&_nc_gid=X9Lxa-Lg3rF6CIMEbS4Xhg&edm=ANTKIIoBAAAA&ccb=7-5&oh=00_AfNzhG306Hd_6f_VZ2xte2o9jn1d6KT6Hmik823LAqRjoQ&oe=68557BCA&_nc_sid=d885a2",,,,,,29020,7056,"https://scontent-hou1-1.cdninstagram.com/v/t51.2885-19/299569743_1227830271341139_8361079930472237949_n.jpg?stp=dst-jpg_s150x150_tt6&_nc_ht=scontent-hou1-1.cdninstagram.com&_nc_cat=103&_nc_oc=Q6cZ2QGjcB8vu_j1FO52HVcDqPVM0TP-cMnPEJLnpL-_zazHysjrA3C8Fw--_9Wn7oWJSOc&_nc_ohc=5R8Gsn1ngOgQ7kNvwEenJNI&_nc_gid=X9Lxa-Lg3rF6CIMEbS4Xhg&edm=ANTKIIoBAAAA&ccb=7-5&oh=00_AfNReouMwKouUBK_Jjp0nU8NjHow0ez1pZ61EQGGOi73hQ&oe=68557765&_nc_sid=d885a2",false,false,"{""profile_id"":null,""username"":null,""profile_url"":null}","2159991772","[{""index"":0,""type"":""Photo"",""url"":""https://scontent-hou1-1.cdninstagram.com/v/t51.2885-15/508109968_18490800148071773_6366344274039717117_n.jpg?stp=dst-jpg_e15_fr_p1080x1080_tt6&_nc_ht=scontent-hou1-1.cdninstagram.com&_nc_cat=105&_nc_oc=Q6cZ2QGjcB8vu_j1FO52HVcDqPVM0TP-cMnPEJLnpL-_zazHysjrA3C8Fw--_9Wn7oWJSOc&_nc_ohc=73upbGvBblgQ7kNvwFywPqH&_nc_gid=X9Lxa-Lg3rF6CIMEbS4Xhg&edm=ANTKIIoBAAAA&ccb=7-5&oh=00_AfPyZXL4bynnCY7ICk9v_94ZmVsPLPtcCteJK9xQX-l88A&oe=68557BCA&_nc_sid=d885a2"",""id"":""3655458108077737438""},{""index"":1,""type"":""Photo"",""url"":""https://scontent-hou1-1.cdninstagram.com/v/t51.2885-15/508134075_18490800157071773_5478954219065670454_n.jpg?stp=dst-jpg_e15_fr_p1080x1080_tt6&_nc_ht=scontent-hou1-1.cdninstagram.com&_nc_cat=105&_nc_oc=Q6cZ2QGjcB8vu_j1FO52HVcDqPVM0TP-cMnPEJLnpL-_zazHysjrA3C8Fw--_9Wn7oWJSOc&_nc_ohc=66RT-WM2pVwQ7kNvwEKtERb&_nc_gid=X9Lxa-Lg3rF6CIMEbS4Xhg&edm=ANTKIIoBAAAA&ccb=7-5&oh=00_AfPwaS10as3C1djXLioMBsjQebvyx4Lbus6xMXMNOyz4UQ&oe=68555746&_nc_sid=d885a2"",""id"":""3655458108211885711""}]","{""audio_asset_id"":null,""original_audio_title"":null,""ig_artist_username"":null,""ig_artist_id"":null}","https://www.instagram.com/theofficialoto",[],"[{""url"":""https://scontent-hou1-1.cdninstagram.com/v/t51.2885-15/508109968_18490800148071773_6366344274039717117_n.jpg?stp=dst-jpg_e15_fr_p1080x1080_tt6&_nc_ht=scontent-hou1-1.cdninstagram.com&_nc_cat=105&_nc_oc=Q6cZ2QGjcB8vu_j1FO52HVcDqPVM0TP-cMnPEJLnpL-_zazHysjrA3C8Fw--_9Wn7oWJSOc&_nc_ohc=73upbGvBblgQ7kNvwFywPqH&_nc_gid=X9Lxa-Lg3rF6CIMEbS4Xhg&edm=ANTKIIoBAAAA&ccb=7-5&oh=00_AfPyZXL4bynnCY7ICk9v_94ZmVsPLPtcCteJK9xQX-l88A&oe=68557BCA&_nc_sid=d885a2"",""id"":""3655458108077737438""},{""url"":""https://scontent-hou1-1.cdninstagram.com/v/t51.2885-15/508134075_18490800157071773_5478954219065670454_n.jpg?stp=dst-jpg_e15_fr_p1080x1080_tt6&_nc_ht=scontent-hou1-1.cdninstagram.com&_nc_cat=105&_nc_oc=Q6cZ2QGjcB8vu_j1FO52HVcDqPVM0TP-cMnPEJLnpL-_zazHysjrA3C8Fw--_9Wn7oWJSOc&_nc_ohc=66RT-WM2pVwQ7kNvwEKtERb&_nc_gid=X9Lxa-Lg3rF6CIMEbS4Xhg&edm=ANTKIIoBAAAA&ccb=7-5&oh=00_AfPwaS10as3C1djXLioMBsjQebvyx4Lbus6xMXMNOyz4UQ&oe=68555746&_nc_sid=d885a2"",""id"":""3655458108211885711""}]","Photo by The Official Oto on June 15, 2025. May be an image of sedan and text that says 'OTO BY OTO.r CarDekho BYCarDekhoSEA SEA BYD Akan Perkenalkan Seal 06 Versi Wagon Berteknologi Plug-in Hybrid Versi station wagon BYD Seal berpotensi dijual juga ke pasar global www.oto.com'.",2,"2025-06-16T04:05:01.358Z","{""url"":""https://www.instagram.com/p/DK6y8oxS4fc""}",,,,
"https://www.instagram.com/p/DK8ZCNCyzav","oneshift","Market Watch: Buy These Cool Pre-Owned Diesel Cars In Singapore Today

Swim against the tide to own some of the last diesel cars in Singapore

Read more in our link in bio! 

Car you sell, Carousell. Get the highest quote for your car in just 24 hours, with assistance on paperwork too.",,0,"2025-06-16T01:41:49.000Z",2,"[""https://scontent-ord5-3.cdninstagram.com/v/t51.2885-15/508185313_18507499639058481_2676794093288583822_n.jpg?stp=dst-jpg_e15_fr_p1080x1080_tt6&_nc_ht=scontent-ord5-3.cdninstagram.com&_nc_cat=109&_nc_oc=Q6cZ2QElMIdpxZAAzTQxqf6x84pat-WVdpKFaWW7eW3nDWVlBINHik9IZSeA5V3pJlP25AQ&_nc_ohc=Ssx7O7N8K_wQ7kNvwE3AZ-c&_nc_gid=JO4YIc9b64-sLI-aQOEQCQ&edm=ANTKIIoBAAAA&ccb=7-5&oh=00_AfMe7sQ_0eofN7kmNAEy1rhTTHBwcDqw_EIHRgyjltTCWw&oe=68557640&_nc_sid=d885a2"",""https://scontent-ord5-3.cdninstagram.com/v/t51.2885-15/508304197_18507499666058481_3664373320011361222_n.jpg?stp=dst-jpg_e15_fr_p1080x1080_tt6&_nc_ht=scontent-ord5-3.cdninstagram.com&_nc_cat=109&_nc_oc=Q6cZ2QElMIdpxZAAzTQxqf6x84pat-WVdpKFaWW7eW3nDWVlBINHik9IZSeA5V3pJlP25AQ&_nc_ohc=IrC_uFRR_EwQ7kNvwEB9VJy&_nc_gid=JO4YIc9b64-sLI-aQOEQCQ&edm=ANTKIIoBAAAA&ccb=7-5&oh=00_AfNMwAQrf5agfqqezR4WFRpxQ33_1_5QQEX3yE-rG8Z67w&oe=68557AA9&_nc_sid=d885a2"",""https://scontent-ord5-3.cdninstagram.com/v/t51.2885-15/508111398_18507499663058481_6065866046452839778_n.jpg?stp=dst-jpg_e15_fr_p1080x1080_tt6&_nc_ht=scontent-ord5-3.cdninstagram.com&_nc_cat=109&_nc_oc=Q6cZ2QElMIdpxZAAzTQxqf6x84pat-WVdpKFaWW7eW3nDWVlBINHik9IZSeA5V3pJlP25AQ&_nc_ohc=aKG6M5UzIokQ7kNvwEqV06B&_nc_gid=JO4YIc9b64-sLI-aQOEQCQ&edm=ANTKIIoBAAAA&ccb=7-5&oh=00_AfPgrwdLu5Tu-zwc96qjSEEpH_Pp1T3lWUE6QplzBFEV0w&oe=68556DAA&_nc_sid=d885a2"",""https://scontent-ord5-3.cdninstagram.com/v/t51.2885-15/508345379_18507499675058481_3703110634327004288_n.jpg?stp=dst-jpg_e15_fr_p1080x1080_tt6&_nc_ht=scontent-ord5-3.cdninstagram.com&_nc_cat=109&_nc_oc=Q6cZ2QElMIdpxZAAzTQxqf6x84pat-WVdpKFaWW7eW3nDWVlBINHik9IZSeA5V3pJlP25AQ&_nc_ohc=ls-LNqoTFlAQ7kNvwEIUmRn&_nc_gid=JO4YIc9b64-sLI-aQOEQCQ&edm=ANTKIIoBAAAA&ccb=7-5&oh=00_AfNGBGOZH1N1CTkjt0V2gLVsw9btbpmCqYPhff_6d3H0VQ&oe=68555F60&_nc_sid=d885a2"",""https://scontent-ord5-3.cdninstagram.com/v/t51.2885-15/508328857_18507499660058481_8339815403245299586_n.jpg?stp=dst-jpg_e15_fr_p1080x1080_tt6&_nc_ht=scontent-ord5-3.cdninstagram.com&_nc_cat=109&_nc_oc=Q6cZ2QElMIdpxZAAzTQxqf6x84pat-WVdpKFaWW7eW3nDWVlBINHik9IZSeA5V3pJlP25AQ&_nc_ohc=3jy0ThHKeZgQ7kNvwFRHs8u&_nc_gid=JO4YIc9b64-sLI-aQOEQCQ&edm=ANTKIIoBAAAA&ccb=7-5&oh=00_AfN0cs8ijHMyq3pzeq2RynDWzP-Qi_njy4_QapMs9Mj_4A&oe=68557291&_nc_sid=d885a2""]",,,,"3655907100125247151","{""url"":""https://www.instagram.com/oneshift"",""num_of_posts"":2,""posts_to_not_include"":[],""start_date"":""06-01-2025"",""end_date"":""06-16-2025"",""post_type"":""Post""}",,,"DK8ZCNCyzav","Carousel","3655907100125247151","DK8ZCNCyzav",,"https://scontent-ord5-3.cdninstagram.com/v/t51.2885-15/508185313_18507499639058481_2676794093288583822_n.jpg?stp=c0.135.1080.1080a_dst-jpg_e35_s640x640_sh0.08_tt6&_nc_ht=scontent-ord5-3.cdninstagram.com&_nc_cat=109&_nc_oc=Q6cZ2QElMIdpxZAAzTQxqf6x84pat-WVdpKFaWW7eW3nDWVlBINHik9IZSeA5V3pJlP25AQ&_nc_ohc=Ssx7O7N8K_wQ7kNvwE3AZ-c&_nc_gid=JO4YIc9b64-sLI-aQOEQCQ&edm=ANTKIIoBAAAA&ccb=7-5&oh=00_AfNXSfKCPuwWsV2ETJBR63XROZM5bgX_shLp1otwLG0AkA&oe=68557640&_nc_sid=d885a2",,,,,,2799,1431,"https://scontent-ord5-3.cdninstagram.com/v/t51.2885-19/100616514_274729840334671_2062863674053230592_n.jpg?stp=dst-jpg_s150x150_tt6&_nc_ht=scontent-ord5-3.cdninstagram.com&_nc_cat=107&_nc_oc=Q6cZ2QElMIdpxZAAzTQxqf6x84pat-WVdpKFaWW7eW3nDWVlBINHik9IZSeA5V3pJlP25AQ&_nc_ohc=JFcmTOMxyawQ7kNvwHwhhYQ&_nc_gid=JO4YIc9b64-sLI-aQOEQCQ&edm=ANTKIIoBAAAA&ccb=7-5&oh=00_AfPdRQxrFGhhLZq6cZhlQAvt1rJF1pFLDwMK_VkO4D1jyg&oe=685566F5&_nc_sid=d885a2",false,false,"{""profile_id"":null,""username"":null,""profile_url"":null}","365306480","[{""index"":0,""type"":""Photo"",""url"":""https://scontent-ord5-3.cdninstagram.com/v/t51.2885-15/508185313_18507499639058481_2676794093288583822_n.jpg?stp=dst-jpg_e15_fr_p1080x1080_tt6&_nc_ht=scontent-ord5-3.cdninstagram.com&_nc_cat=109&_nc_oc=Q6cZ2QElMIdpxZAAzTQxqf6x84pat-WVdpKFaWW7eW3nDWVlBINHik9IZSeA5V3pJlP25AQ&_nc_ohc=Ssx7O7N8K_wQ7kNvwE3AZ-c&_nc_gid=JO4YIc9b64-sLI-aQOEQCQ&edm=ANTKIIoBAAAA&ccb=7-5&oh=00_AfMe7sQ_0eofN7kmNAEy1rhTTHBwcDqw_EIHRgyjltTCWw&oe=68557640&_nc_sid=d885a2"",""id"":""3655907090000029872""},{""index"":1,""type"":""Photo"",""url"":""https://scontent-ord5-3.cdninstagram.com/v/t51.2885-15/508304197_18507499666058481_3664373320011361222_n.jpg?stp=dst-jpg_e15_fr_p1080x1080_tt6&_nc_ht=scontent-ord5-3.cdninstagram.com&_nc_cat=109&_nc_oc=Q6cZ2QElMIdpxZAAzTQxqf6x84pat-WVdpKFaWW7eW3nDWVlBINHik9IZSeA5V3pJlP25AQ&_nc_ohc=IrC_uFRR_EwQ7kNvwEB9VJy&_nc_gid=JO4YIc9b64-sLI-aQOEQCQ&edm=ANTKIIoBAAAA&ccb=7-5&oh=00_AfNMwAQrf5agfqqezR4WFRpxQ33_1_5QQEX3yE-rG8Z67w&oe=68557AA9&_nc_sid=d885a2"",""id"":""3655907090285398693""},{""index"":2,""type"":""Photo"",""url"":""https://scontent-ord5-3.cdninstagram.com/v/t51.2885-15/508111398_18507499663058481_6065866046452839778_n.jpg?stp=dst-jpg_e15_fr_p1080x1080_tt6&_nc_ht=scontent-ord5-3.cdninstagram.com&_nc_cat=109&_nc_oc=Q6cZ2QElMIdpxZAAzTQxqf6x84pat-WVdpKFaWW7eW3nDWVlBINHik9IZSeA5V3pJlP25AQ&_nc_ohc=aKG6M5UzIokQ7kNvwEqV06B&_nc_gid=JO4YIc9b64-sLI-aQOEQCQ&edm=ANTKIIoBAAAA&ccb=7-5&oh=00_AfPgrwdLu5Tu-zwc96qjSEEpH_Pp1T3lWUE6QplzBFEV0w&oe=68556DAA&_nc_sid=d885a2"",""id"":""3655907090000072835""},{""index"":3,""type"":""Photo"",""url"":""https://scontent-ord5-3.cdninstagram.com/v/t51.2885-15/508345379_18507499675058481_3703110634327004288_n.jpg?stp=dst-jpg_e15_fr_p1080x1080_tt6&_nc_ht=scontent-ord5-3.cdninstagram.com&_nc_cat=109&_nc_oc=Q6cZ2QElMIdpxZAAzTQxqf6x84pat-WVdpKFaWW7eW3nDWVlBINHik9IZSeA5V3pJlP25AQ&_nc_ohc=ls-LNqoTFlAQ7kNvwEIUmRn&_nc_gid=JO4YIc9b64-sLI-aQOEQCQ&edm=ANTKIIoBAAAA&ccb=7-5&oh=00_AfNGBGOZH1N1CTkjt0V2gLVsw9btbpmCqYPhff_6d3H0VQ&oe=68555F60&_nc_sid=d885a2"",""id"":""3655907090000237541""},{""index"":4,""type"":""Photo"",""url"":""https://scontent-ord5-3.cdninstagram.com/v/t51.2885-15/508328857_18507499660058481_8339815403245299586_n.jpg?stp=dst-jpg_e15_fr_p1080x1080_tt6&_nc_ht=scontent-ord5-3.cdninstagram.com&_nc_cat=109&_nc_oc=Q6cZ2QElMIdpxZAAzTQxqf6x84pat-WVdpKFaWW7eW3nDWVlBINHik9IZSeA5V3pJlP25AQ&_nc_ohc=3jy0ThHKeZgQ7kNvwFRHs8u&_nc_gid=JO4YIc9b64-sLI-aQOEQCQ&edm=ANTKIIoBAAAA&ccb=7-5&oh=00_AfN0cs8ijHMyq3pzeq2RynDWzP-Qi_njy4_QapMs9Mj_4A&oe=68557291&_nc_sid=d885a2"",""id"":""3655907090126068158""}]","{""audio_asset_id"":null,""original_audio_title"":null,""ig_artist_username"":null,""ig_artist_id"":null}","https://www.instagram.com/oneshift",[],"[{""url"":""https://scontent-ord5-3.cdninstagram.com/v/t51.2885-15/508185313_18507499639058481_2676794093288583822_n.jpg?stp=dst-jpg_e15_fr_p1080x1080_tt6&_nc_ht=scontent-ord5-3.cdninstagram.com&_nc_cat=109&_nc_oc=Q6cZ2QElMIdpxZAAzTQxqf6x84pat-WVdpKFaWW7eW3nDWVlBINHik9IZSeA5V3pJlP25AQ&_nc_ohc=Ssx7O7N8K_wQ7kNvwE3AZ-c&_nc_gid=JO4YIc9b64-sLI-aQOEQCQ&edm=ANTKIIoBAAAA&ccb=7-5&oh=00_AfMe7sQ_0eofN7kmNAEy1rhTTHBwcDqw_EIHRgyjltTCWw&oe=68557640&_nc_sid=d885a2"",""id"":""3655907090000029872""},{""url"":""https://scontent-ord5-3.cdninstagram.com/v/t51.2885-15/508304197_18507499666058481_3664373320011361222_n.jpg?stp=dst-jpg_e15_fr_p1080x1080_tt6&_nc_ht=scontent-ord5-3.cdninstagram.com&_nc_cat=109&_nc_oc=Q6cZ2QElMIdpxZAAzTQxqf6x84pat-WVdpKFaWW7eW3nDWVlBINHik9IZSeA5V3pJlP25AQ&_nc_ohc=IrC_uFRR_EwQ7kNvwEB9VJy&_nc_gid=JO4YIc9b64-sLI-aQOEQCQ&edm=ANTKIIoBAAAA&ccb=7-5&oh=00_AfNMwAQrf5agfqqezR4WFRpxQ33_1_5QQEX3yE-rG8Z67w&oe=68557AA9&_nc_sid=d885a2"",""id"":""3655907090285398693""},{""url"":""https://scontent-ord5-3.cdninstagram.com/v/t51.2885-15/508111398_18507499663058481_6065866046452839778_n.jpg?stp=dst-jpg_e15_fr_p1080x1080_tt6&_nc_ht=scontent-ord5-3.cdninstagram.com&_nc_cat=109&_nc_oc=Q6cZ2QElMIdpxZAAzTQxqf6x84pat-WVdpKFaWW7eW3nDWVlBINHik9IZSeA5V3pJlP25AQ&_nc_ohc=aKG6M5UzIokQ7kNvwEqV06B&_nc_gid=JO4YIc9b64-sLI-aQOEQCQ&edm=ANTKIIoBAAAA&ccb=7-5&oh=00_AfPgrwdLu5Tu-zwc96qjSEEpH_Pp1T3lWUE6QplzBFEV0w&oe=68556DAA&_nc_sid=d885a2"",""id"":""3655907090000072835""},{""url"":""https://scontent-ord5-3.cdninstagram.com/v/t51.2885-15/508345379_18507499675058481_3703110634327004288_n.jpg?stp=dst-jpg_e15_fr_p1080x1080_tt6&_nc_ht=scontent-ord5-3.cdninstagram.com&_nc_cat=109&_nc_oc=Q6cZ2QElMIdpxZAAzTQxqf6x84pat-WVdpKFaWW7eW3nDWVlBINHik9IZSeA5V3pJlP25AQ&_nc_ohc=ls-LNqoTFlAQ7kNvwEIUmRn&_nc_gid=JO4YIc9b64-sLI-aQOEQCQ&edm=ANTKIIoBAAAA&ccb=7-5&oh=00_AfNGBGOZH1N1CTkjt0V2gLVsw9btbpmCqYPhff_6d3H0VQ&oe=68555F60&_nc_sid=d885a2"",""id"":""3655907090000237541""},{""url"":""https://scontent-ord5-3.cdninstagram.com/v/t51.2885-15/508328857_18507499660058481_8339815403245299586_n.jpg?stp=dst-jpg_e15_fr_p1080x1080_tt6&_nc_ht=scontent-ord5-3.cdninstagram.com&_nc_cat=109&_nc_oc=Q6cZ2QElMIdpxZAAzTQxqf6x84pat-WVdpKFaWW7eW3nDWVlBINHik9IZSeA5V3pJlP25AQ&_nc_ohc=3jy0ThHKeZgQ7kNvwFRHs8u&_nc_gid=JO4YIc9b64-sLI-aQOEQCQ&edm=ANTKIIoBAAAA&ccb=7-5&oh=00_AfN0cs8ijHMyq3pzeq2RynDWzP-Qi_njy4_QapMs9Mj_4A&oe=68557291&_nc_sid=d885a2"",""id"":""3655907090126068158""}]","Photo by OneShift.com on June 15, 2025. May be an image of car, poster and text that says 'Buy these cool pre-owned diesel cars in Singapore today! carouseli GO Featured: 2017 Maserati Levante Diesel 3.0 Festured:2017/Maertte V6'.",5,"2025-06-16T04:05:01.488Z","{""url"":""https://www.instagram.com/p/DK8ZCNCyzav""}",,,,
"https://www.instagram.com/p/DK53fbMsggH","sgcarmart","The Lotus Emira gets an extra helping of power and equipment as it pushes towards its last hurrah.‚Å†
‚Å†
What's New‚Å†
‚≠êÔ∏è Power bumped up to 400bhp and 480Nm of torque‚Å†
‚≠êÔ∏è Lotus Drivers Pack comes as standard‚Å†
‚≠êÔ∏è Extended Lower Black Pack comes as standard‚Å†
‚Å†
üëâ Read our review of the Lotus Emira Turbo SE via the link in bio!",,2,"2025-06-15T02:10:19.000Z",259,"[""https://instagram.fhio3-1.fna.fbcdn.net/v/t51.2885-15/506298002_18504457999012500_3463981811098623408_n.jpg?stp=dst-jpg_e35_p1080x1080_sh0.08_tt6&_nc_ht=instagram.fhio3-1.fna.fbcdn.net&_nc_cat=100&_nc_oc=Q6cZ2QH12m3TxIoJLGgqYW0qxowicVHCaMPHT79knle6U-jOXIY5qiisivlIpIKIbHCiXN8&_nc_ohc=2paywxvVLZEQ7kNvwFWRQyj&_nc_gid=JKW67ReBWS4KiLKOxGCSIg&edm=ANTKIIoBAAAA&ccb=7-5&oh=00_AfNUyqEv_1oFMzlqyX2V_7a-WqPOJnIcFlEzczFAYvuS-A&oe=68556C79&_nc_sid=d885a2"",""https://instagram.fhio3-1.fna.fbcdn.net/v/t51.2885-15/508339005_18504457975012500_3752447393980774850_n.jpg?stp=dst-jpg_e15_tt6&_nc_ht=instagram.fhio3-1.fna.fbcdn.net&_nc_cat=100&_nc_oc=Q6cZ2QH12m3TxIoJLGgqYW0qxowicVHCaMPHT79knle6U-jOXIY5qiisivlIpIKIbHCiXN8&_nc_ohc=Dcp7L1-lZSMQ7kNvwFk3xMx&_nc_gid=JKW67ReBWS4KiLKOxGCSIg&edm=ANTKIIoBAAAA&ccb=7-5&oh=00_AfMb_kWG5IAVMWciTGz9ymh0WzgTHnVwvihe-KD2ugK5zA&oe=68556BB5&_nc_sid=d885a2"",""https://instagram.fhio3-1.fna.fbcdn.net/v/t51.2885-15/505467347_18504458002012500_6615374861832063095_n.jpg?stp=dst-jpg_e35_p1080x1080_sh0.08_tt6&_nc_ht=instagram.fhio3-1.fna.fbcdn.net&_nc_cat=100&_nc_oc=Q6cZ2QH12m3TxIoJLGgqYW0qxowicVHCaMPHT79knle6U-jOXIY5qiisivlIpIKIbHCiXN8&_nc_ohc=6jNghn1DXm0Q7kNvwH3idkJ&_nc_gid=JKW67ReBWS4KiLKOxGCSIg&edm=ANTKIIoBAAAA&ccb=7-5&oh=00_AfOQvjliY9W2pAClfk7XJdn4_bIwMeakloSzi0nCStfxdQ&oe=685556D5&_nc_sid=d885a2"",""https://instagram.fhio3-1.fna.fbcdn.net/v/t51.2885-15/506299713_18504457984012500_7929417510354661098_n.jpg?stp=dst-jpg_e35_p1080x1080_sh0.08_tt6&_nc_ht=instagram.fhio3-1.fna.fbcdn.net&_nc_cat=100&_nc_oc=Q6cZ2QH12m3TxIoJLGgqYW0qxowicVHCaMPHT79knle6U-jOXIY5qiisivlIpIKIbHCiXN8&_nc_ohc=5A7U6G71MlUQ7kNvwGJSNvD&_nc_gid=JKW67ReBWS4KiLKOxGCSIg&edm=ANTKIIoBAAAA&ccb=7-5&oh=00_AfNqwdrYHdLZ4Y8toLsSnL5vjt6GT3rlff8Iv4bPy5lGdw&oe=68554F87&_nc_sid=d885a2"",""https://instagram.fhio3-1.fna.fbcdn.net/v/t51.2885-15/505758182_18504458011012500_8954458041154554226_n.jpg?stp=dst-jpg_e35_p1080x1080_sh0.08_tt6&_nc_ht=instagram.fhio3-1.fna.fbcdn.net&_nc_cat=100&_nc_oc=Q6cZ2QH12m3TxIoJLGgqYW0qxowicVHCaMPHT79knle6U-jOXIY5qiisivlIpIKIbHCiXN8&_nc_ohc=8zWV5pWKtAAQ7kNvwE6DdcW&_nc_gid=JKW67ReBWS4KiLKOxGCSIg&edm=ANTKIIoBAAAA&ccb=7-5&oh=00_AfMeL8UPDu_sY5zHfcrYe_Ve-PDmm_GdrelIfT_-S3-7zg&oe=68555055&_nc_sid=d885a2"",""https://instagram.fhio3-1.fna.fbcdn.net/v/t51.2885-15/508288758_18504458029012500_40719410484683156_n.jpg?stp=dst-jpg_e35_p1080x1080_sh0.08_tt6&_nc_ht=instagram.fhio3-1.fna.fbcdn.net&_nc_cat=100&_nc_oc=Q6cZ2QH12m3TxIoJLGgqYW0qxowicVHCaMPHT79knle6U-jOXIY5qiisivlIpIKIbHCiXN8&_nc_ohc=5xLSiMq3w5cQ7kNvwFMClRB&_nc_gid=JKW67ReBWS4KiLKOxGCSIg&edm=ANTKIIoBAAAA&ccb=7-5&oh=00_AfOexjjSqU69fVyCneB9n4Dp1Y-CXDdkki1fgTVzOwiAxw&oe=68556762&_nc_sid=d885a2"",""https://instagram.fhio3-1.fna.fbcdn.net/v/t51.2885-15/506392143_18504458020012500_5823330618561986273_n.jpg?stp=dst-jpg_e35_p1080x1080_sh0.08_tt6&_nc_ht=instagram.fhio3-1.fna.fbcdn.net&_nc_cat=100&_nc_oc=Q6cZ2QH12m3TxIoJLGgqYW0qxowicVHCaMPHT79knle6U-jOXIY5qiisivlIpIKIbHCiXN8&_nc_ohc=YxZd1ybacn0Q7kNvwGNb9OP&_nc_gid=JKW67ReBWS4KiLKOxGCSIg&edm=ANTKIIoBAAAA&ccb=7-5&oh=00_AfMAbFuHM2oqA_IhKwrVyIs_EVPSErxjxX6OtK0T3kn1AQ&oe=6855851B&_nc_sid=d885a2"",""https://instagram.fhio3-1.fna.fbcdn.net/v/t51.2885-15/506343252_18504458047012500_5768525100475848360_n.jpg?stp=dst-jpg_e35_p1080x1080_sh0.08_tt6&_nc_ht=instagram.fhio3-1.fna.fbcdn.net&_nc_cat=100&_nc_oc=Q6cZ2QH12m3TxIoJLGgqYW0qxowicVHCaMPHT79knle6U-jOXIY5qiisivlIpIKIbHCiXN8&_nc_ohc=_wWtWmAX8i4Q7kNvwEfa0aC&_nc_gid=JKW67ReBWS4KiLKOxGCSIg&edm=ANTKIIoBAAAA&ccb=7-5&oh=00_AfOMDnaHpwNRRb_msTCwR-HChgXMG9q0vjl-ZDKh6gu7cg&oe=68558483&_nc_sid=d885a2"",""https://instagram.fhio3-1.fna.fbcdn.net/v/t51.2885-15/506299713_18504458050012500_5846518685146533705_n.jpg?stp=dst-jpg_e35_p1080x1080_sh0.08_tt6&_nc_ht=instagram.fhio3-1.fna.fbcdn.net&_nc_cat=100&_nc_oc=Q6cZ2QH12m3TxIoJLGgqYW0qxowicVHCaMPHT79knle6U-jOXIY5qiisivlIpIKIbHCiXN8&_nc_ohc=-WXTMlzSQnAQ7kNvwEcfI8B&_nc_gid=JKW67ReBWS4KiLKOxGCSIg&edm=ANTKIIoBAAAA&ccb=7-5&oh=00_AfPHpJc2NsFs0hxGr5BqODilSq0PzvaY6iIczI4DhLF03A&oe=685555E8&_nc_sid=d885a2""]",,,"[{""comments"":""Like in Forza Horizon"",""user_commenting"":""krisna.xna"",""likes"":0,""profile_picture"":""https://instagram.fhio3-1.fna.fbcdn.net/v/t51.2885-19/500126722_18504438781060517_2401515615471360426_n.jpg?stp=dst-jpg_s150x150_tt6&_nc_ht=instagram.fhio3-1.fna.fbcdn.net&_nc_cat=105&_nc_oc=Q6cZ2QH12m3TxIoJLGgqYW0qxowicVHCaMPHT79knle6U-jOXIY5qiisivlIpIKIbHCiXN8&_nc_ohc=3H0BYI_5EXEQ7kNvwHIJF99&_nc_gid=JKW67ReBWS4KiLKOxGCSIg&edm=ANTKIIoBAAAA&ccb=7-5&oh=00_AfPRmsKIoVl4Al3YeAhgjb6nagdPUcG5rBgYKG_vlIBZlw&oe=68556625&_nc_sid=d885a2""},{""comments"":""#car #cars #singapore #sgcarmart #carlifestyle #carphotography #amazingcars247 #carspotting #carlovers #automotivephotography #dailydriven #caroftheday #carlove #carlover #testdrive #carguy #carguys #carcollection #carspotted #carguysbelike #amazingcarsdaily #sgcarshoot #carreview #sgcars #lotus #lotusemira #emira"",""user_commenting"":""sgcarmart"",""likes"":0,""profile_picture"":""https://instagram.fhio3-1.fna.fbcdn.net/v/t51.2885-19/290390140_759663418539113_5957964713519705967_n.jpg?stp=dst-jpg_s150x150_tt6&_nc_ht=instagram.fhio3-1.fna.fbcdn.net&_nc_cat=105&_nc_oc=Q6cZ2QH12m3TxIoJLGgqYW0qxowicVHCaMPHT79knle6U-jOXIY5qiisivlIpIKIbHCiXN8&_nc_ohc=zIHKJnY68TAQ7kNvwF2RqLb&_nc_gid=JKW67ReBWS4KiLKOxGCSIg&edm=ANTKIIoBAAAA&ccb=7-5&oh=00_AfOI0pvdW3dYTw8d5TMOWUseQLktKtfl_Q0wwJtJn2dRug&oe=685584A0&_nc_sid=d885a2""}]","3655196624653780999","{""url"":""https://www.instagram.com/sgcarmart"",""num_of_posts"":2,""posts_to_not_include"":[],""start_date"":""06-01-2025"",""end_date"":""06-16-2025"",""post_type"":""Post""}",,,"DK53fbMsggH","Carousel","3655196624653780999","DK53fbMsggH",,"https://instagram.fhio3-1.fna.fbcdn.net/v/t51.2885-15/506298002_18504457999012500_3463981811098623408_n.jpg?stp=c0.168.1439.1439a_dst-jpg_e35_s640x640_sh0.08_tt6&_nc_ht=instagram.fhio3-1.fna.fbcdn.net&_nc_cat=100&_nc_oc=Q6cZ2QH12m3TxIoJLGgqYW0qxowicVHCaMPHT79knle6U-jOXIY5qiisivlIpIKIbHCiXN8&_nc_ohc=2paywxvVLZEQ7kNvwFWRQyj&_nc_gid=JKW67ReBWS4KiLKOxGCSIg&edm=ANTKIIoBAAAA&ccb=7-5&oh=00_AfMuxhpeUtMIWUKq091ZuTSq79gBQTFsgIOJF-CXCZvVBw&oe=68556C79&_nc_sid=d885a2",,,,,,30522,3858,"https://instagram.fhio3-1.fna.fbcdn.net/v/t51.2885-19/290390140_759663418539113_5957964713519705967_n.jpg?stp=dst-jpg_s150x150_tt6&_nc_ht=instagram.fhio3-1.fna.fbcdn.net&_nc_cat=105&_nc_oc=Q6cZ2QH12m3TxIoJLGgqYW0qxowicVHCaMPHT79knle6U-jOXIY5qiisivlIpIKIbHCiXN8&_nc_ohc=zIHKJnY68TAQ7kNvwF2RqLb&_nc_gid=JKW67ReBWS4KiLKOxGCSIg&edm=ANTKIIoBAAAA&ccb=7-5&oh=00_AfOI0pvdW3dYTw8d5TMOWUseQLktKtfl_Q0wwJtJn2dRug&oe=685584A0&_nc_sid=d885a2",true,false,"{""profile_id"":null,""username"":null,""profile_url"":null}","286028499","[{""index"":0,""type"":""Photo"",""url"":""https://instagram.fhio3-1.fna.fbcdn.net/v/t51.2885-15/506298002_18504457999012500_3463981811098623408_n.jpg?stp=dst-jpg_e35_p1080x1080_sh0.08_tt6&_nc_ht=instagram.fhio3-1.fna.fbcdn.net&_nc_cat=100&_nc_oc=Q6cZ2QH12m3TxIoJLGgqYW0qxowicVHCaMPHT79knle6U-jOXIY5qiisivlIpIKIbHCiXN8&_nc_ohc=2paywxvVLZEQ7kNvwFWRQyj&_nc_gid=JKW67ReBWS4KiLKOxGCSIg&edm=ANTKIIoBAAAA&ccb=7-5&oh=00_AfNUyqEv_1oFMzlqyX2V_7a-WqPOJnIcFlEzczFAYvuS-A&oe=68556C79&_nc_sid=d885a2"",""id"":""3655196523747302500""},{""index"":1,""type"":""Photo"",""url"":""https://instagram.fhio3-1.fna.fbcdn.net/v/t51.2885-15/508339005_18504457975012500_3752447393980774850_n.jpg?stp=dst-jpg_e15_tt6&_nc_ht=instagram.fhio3-1.fna.fbcdn.net&_nc_cat=100&_nc_oc=Q6cZ2QH12m3TxIoJLGgqYW0qxowicVHCaMPHT79knle6U-jOXIY5qiisivlIpIKIbHCiXN8&_nc_ohc=Dcp7L1-lZSMQ7kNvwFk3xMx&_nc_gid=JKW67ReBWS4KiLKOxGCSIg&edm=ANTKIIoBAAAA&ccb=7-5&oh=00_AfMb_kWG5IAVMWciTGz9ymh0WzgTHnVwvihe-KD2ugK5zA&oe=68556BB5&_nc_sid=d885a2"",""id"":""3655196521834580917""},{""index"":2,""type"":""Photo"",""url"":""https://instagram.fhio3-1.fna.fbcdn.net/v/t51.2885-15/505467347_18504458002012500_6615374861832063095_n.jpg?stp=dst-jpg_e35_p1080x1080_sh0.08_tt6&_nc_ht=instagram.fhio3-1.fna.fbcdn.net&_nc_cat=100&_nc_oc=Q6cZ2QH12m3TxIoJLGgqYW0qxowicVHCaMPHT79knle6U-jOXIY5qiisivlIpIKIbHCiXN8&_nc_ohc=6jNghn1DXm0Q7kNvwH3idkJ&_nc_gid=JKW67ReBWS4KiLKOxGCSIg&edm=ANTKIIoBAAAA&ccb=7-5&oh=00_AfOQvjliY9W2pAClfk7XJdn4_bIwMeakloSzi0nCStfxdQ&oe=685556D5&_nc_sid=d885a2"",""id"":""3655196523872922329""},{""index"":3,""type"":""Photo"",""url"":""https://instagram.fhio3-1.fna.fbcdn.net/v/t51.2885-15/506299713_18504457984012500_7929417510354661098_n.jpg?stp=dst-jpg_e35_p1080x1080_sh0.08_tt6&_nc_ht=instagram.fhio3-1.fna.fbcdn.net&_nc_cat=100&_nc_oc=Q6cZ2QH12m3TxIoJLGgqYW0qxowicVHCaMPHT79knle6U-jOXIY5qiisivlIpIKIbHCiXN8&_nc_ohc=5A7U6G71MlUQ7kNvwGJSNvD&_nc_gid=JKW67ReBWS4KiLKOxGCSIg&edm=ANTKIIoBAAAA&ccb=7-5&oh=00_AfNqwdrYHdLZ4Y8toLsSnL5vjt6GT3rlff8Iv4bPy5lGdw&oe=68554F87&_nc_sid=d885a2"",""id"":""3655196522665124048""},{""index"":4,""type"":""Photo"",""url"":""https://instagram.fhio3-1.fna.fbcdn.net/v/t51.2885-15/505758182_18504458011012500_8954458041154554226_n.jpg?stp=dst-jpg_e35_p1080x1080_sh0.08_tt6&_nc_ht=instagram.fhio3-1.fna.fbcdn.net&_nc_cat=100&_nc_oc=Q6cZ2QH12m3TxIoJLGgqYW0qxowicVHCaMPHT79knle6U-jOXIY5qiisivlIpIKIbHCiXN8&_nc_ohc=8zWV5pWKtAAQ7kNvwE6DdcW&_nc_gid=JKW67ReBWS4KiLKOxGCSIg&edm=ANTKIIoBAAAA&ccb=7-5&oh=00_AfMeL8UPDu_sY5zHfcrYe_Ve-PDmm_GdrelIfT_-S3-7zg&oe=68555055&_nc_sid=d885a2"",""id"":""3655196524410009960""},{""index"":5,""type"":""Photo"",""url"":""https://instagram.fhio3-1.fna.fbcdn.net/v/t51.2885-15/508288758_18504458029012500_40719410484683156_n.jpg?stp=dst-jpg_e35_p1080x1080_sh0.08_tt6&_nc_ht=instagram.fhio3-1.fna.fbcdn.net&_nc_cat=100&_nc_oc=Q6cZ2QH12m3TxIoJLGgqYW0qxowicVHCaMPHT79knle6U-jOXIY5qiisivlIpIKIbHCiXN8&_nc_ohc=5xLSiMq3w5cQ7kNvwFMClRB&_nc_gid=JKW67ReBWS4KiLKOxGCSIg&edm=ANTKIIoBAAAA&ccb=7-5&oh=00_AfOexjjSqU69fVyCneB9n4Dp1Y-CXDdkki1fgTVzOwiAxw&oe=68556762&_nc_sid=d885a2"",""id"":""3655196552176150963""},{""index"":6,""type"":""Photo"",""url"":""https://instagram.fhio3-1.fna.fbcdn.net/v/t51.2885-15/506392143_18504458020012500_5823330618561986273_n.jpg?stp=dst-jpg_e35_p1080x1080_sh0.08_tt6&_nc_ht=instagram.fhio3-1.fna.fbcdn.net&_nc_cat=100&_nc_oc=Q6cZ2QH12m3TxIoJLGgqYW0qxowicVHCaMPHT79knle6U-jOXIY5qiisivlIpIKIbHCiXN8&_nc_ohc=YxZd1ybacn0Q7kNvwGNb9OP&_nc_gid=JKW67ReBWS4KiLKOxGCSIg&edm=ANTKIIoBAAAA&ccb=7-5&oh=00_AfMAbFuHM2oqA_IhKwrVyIs_EVPSErxjxX6OtK0T3kn1AQ&oe=6855851B&_nc_sid=d885a2"",""id"":""3655196551513525416""},{""index"":7,""type"":""Photo"",""url"":""https://instagram.fhio3-1.fna.fbcdn.net/v/t51.2885-15/506343252_18504458047012500_5768525100475848360_n.jpg?stp=dst-jpg_e35_p1080x1080_sh0.08_tt6&_nc_ht=instagram.fhio3-1.fna.fbcdn.net&_nc_cat=100&_nc_oc=Q6cZ2QH12m3TxIoJLGgqYW0qxowicVHCaMPHT79knle6U-jOXIY5qiisivlIpIKIbHCiXN8&_nc_ohc=_wWtWmAX8i4Q7kNvwEfa0aC&_nc_gid=JKW67ReBWS4KiLKOxGCSIg&edm=ANTKIIoBAAAA&ccb=7-5&oh=00_AfOMDnaHpwNRRb_msTCwR-HChgXMG9q0vjl-ZDKh6gu7cg&oe=68558483&_nc_sid=d885a2"",""id"":""3655196552713115161""},{""index"":8,""type"":""Photo"",""url"":""https://instagram.fhio3-1.fna.fbcdn.net/v/t51.2885-15/506299713_18504458050012500_5846518685146533705_n.jpg?stp=dst-jpg_e35_p1080x1080_sh0.08_tt6&_nc_ht=instagram.fhio3-1.fna.fbcdn.net&_nc_cat=100&_nc_oc=Q6cZ2QH12m3TxIoJLGgqYW0qxowicVHCaMPHT79knle6U-jOXIY5qiisivlIpIKIbHCiXN8&_nc_ohc=-WXTMlzSQnAQ7kNvwEcfI8B&_nc_gid=JKW67ReBWS4KiLKOxGCSIg&edm=ANTKIIoBAAAA&ccb=7-5&oh=00_AfPHpJc2NsFs0hxGr5BqODilSq0PzvaY6iIczI4DhLF03A&oe=685555E8&_nc_sid=d885a2"",""id"":""3655196553812032500""}]","{""audio_asset_id"":null,""original_audio_title"":null,""ig_artist_username"":null,""ig_artist_id"":null}","https://www.instagram.com/sgcarmart",[],"[{""url"":""https://instagram.fhio3-1.fna.fbcdn.net/v/t51.2885-15/506298002_18504457999012500_3463981811098623408_n.jpg?stp=dst-jpg_e35_p1080x1080_sh0.08_tt6&_nc_ht=instagram.fhio3-1.fna.fbcdn.net&_nc_cat=100&_nc_oc=Q6cZ2QH12m3TxIoJLGgqYW0qxowicVHCaMPHT79knle6U-jOXIY5qiisivlIpIKIbHCiXN8&_nc_ohc=2paywxvVLZEQ7kNvwFWRQyj&_nc_gid=JKW67ReBWS4KiLKOxGCSIg&edm=ANTKIIoBAAAA&ccb=7-5&oh=00_AfNUyqEv_1oFMzlqyX2V_7a-WqPOJnIcFlEzczFAYvuS-A&oe=68556C79&_nc_sid=d885a2"",""id"":""3655196523747302500""},{""url"":""https://instagram.fhio3-1.fna.fbcdn.net/v/t51.2885-15/508339005_18504457975012500_3752447393980774850_n.jpg?stp=dst-jpg_e15_tt6&_nc_ht=instagram.fhio3-1.fna.fbcdn.net&_nc_cat=100&_nc_oc=Q6cZ2QH12m3TxIoJLGgqYW0qxowicVHCaMPHT79knle6U-jOXIY5qiisivlIpIKIbHCiXN8&_nc_ohc=Dcp7L1-lZSMQ7kNvwFk3xMx&_nc_gid=JKW67ReBWS4KiLKOxGCSIg&edm=ANTKIIoBAAAA&ccb=7-5&oh=00_AfMb_kWG5IAVMWciTGz9ymh0WzgTHnVwvihe-KD2ugK5zA&oe=68556BB5&_nc_sid=d885a2"",""id"":""3655196521834580917""},{""url"":""https://instagram.fhio3-1.fna.fbcdn.net/v/t51.2885-15/505467347_18504458002012500_6615374861832063095_n.jpg?stp=dst-jpg_e35_p1080x1080_sh0.08_tt6&_nc_ht=instagram.fhio3-1.fna.fbcdn.net&_nc_cat=100&_nc_oc=Q6cZ2QH12m3TxIoJLGgqYW0qxowicVHCaMPHT79knle6U-jOXIY5qiisivlIpIKIbHCiXN8&_nc_ohc=6jNghn1DXm0Q7kNvwH3idkJ&_nc_gid=JKW67ReBWS4KiLKOxGCSIg&edm=ANTKIIoBAAAA&ccb=7-5&oh=00_AfOQvjliY9W2pAClfk7XJdn4_bIwMeakloSzi0nCStfxdQ&oe=685556D5&_nc_sid=d885a2"",""id"":""3655196523872922329""},{""url"":""https://instagram.fhio3-1.fna.fbcdn.net/v/t51.2885-15/506299713_18504457984012500_7929417510354661098_n.jpg?stp=dst-jpg_e35_p1080x1080_sh0.08_tt6&_nc_ht=instagram.fhio3-1.fna.fbcdn.net&_nc_cat=100&_nc_oc=Q6cZ2QH12m3TxIoJLGgqYW0qxowicVHCaMPHT79knle6U-jOXIY5qiisivlIpIKIbHCiXN8&_nc_ohc=5A7U6G71MlUQ7kNvwGJSNvD&_nc_gid=JKW67ReBWS4KiLKOxGCSIg&edm=ANTKIIoBAAAA&ccb=7-5&oh=00_AfNqwdrYHdLZ4Y8toLsSnL5vjt6GT3rlff8Iv4bPy5lGdw&oe=68554F87&_nc_sid=d885a2"",""id"":""3655196522665124048""},{""url"":""https://instagram.fhio3-1.fna.fbcdn.net/v/t51.2885-15/505758182_18504458011012500_8954458041154554226_n.jpg?stp=dst-jpg_e35_p1080x1080_sh0.08_tt6&_nc_ht=instagram.fhio3-1.fna.fbcdn.net&_nc_cat=100&_nc_oc=Q6cZ2QH12m3TxIoJLGgqYW0qxowicVHCaMPHT79knle6U-jOXIY5qiisivlIpIKIbHCiXN8&_nc_ohc=8zWV5pWKtAAQ7kNvwE6DdcW&_nc_gid=JKW67ReBWS4KiLKOxGCSIg&edm=ANTKIIoBAAAA&ccb=7-5&oh=00_AfMeL8UPDu_sY5zHfcrYe_Ve-PDmm_GdrelIfT_-S3-7zg&oe=68555055&_nc_sid=d885a2"",""id"":""3655196524410009960""},{""url"":""https://instagram.fhio3-1.fna.fbcdn.net/v/t51.2885-15/508288758_18504458029012500_40719410484683156_n.jpg?stp=dst-jpg_e35_p1080x1080_sh0.08_tt6&_nc_ht=instagram.fhio3-1.fna.fbcdn.net&_nc_cat=100&_nc_oc=Q6cZ2QH12m3TxIoJLGgqYW0qxowicVHCaMPHT79knle6U-jOXIY5qiisivlIpIKIbHCiXN8&_nc_ohc=5xLSiMq3w5cQ7kNvwFMClRB&_nc_gid=JKW67ReBWS4KiLKOxGCSIg&edm=ANTKIIoBAAAA&ccb=7-5&oh=00_AfOexjjSqU69fVyCneB9n4Dp1Y-CXDdkki1fgTVzOwiAxw&oe=68556762&_nc_sid=d885a2"",""id"":""3655196552176150963""},{""url"":""https://instagram.fhio3-1.fna.fbcdn.net/v/t51.2885-15/506392143_18504458020012500_5823330618561986273_n.jpg?stp=dst-jpg_e35_p1080x1080_sh0.08_tt6&_nc_ht=instagram.fhio3-1.fna.fbcdn.net&_nc_cat=100&_nc_oc=Q6cZ2QH12m3TxIoJLGgqYW0qxowicVHCaMPHT79knle6U-jOXIY5qiisivlIpIKIbHCiXN8&_nc_ohc=YxZd1ybacn0Q7kNvwGNb9OP&_nc_gid=JKW67ReBWS4KiLKOxGCSIg&edm=ANTKIIoBAAAA&ccb=7-5&oh=00_AfMAbFuHM2oqA_IhKwrVyIs_EVPSErxjxX6OtK0T3kn1AQ&oe=6855851B&_nc_sid=d885a2"",""id"":""3655196551513525416""},{""url"":""https://instagram.fhio3-1.fna.fbcdn.net/v/t51.2885-15/506343252_18504458047012500_5768525100475848360_n.jpg?stp=dst-jpg_e35_p1080x1080_sh0.08_tt6&_nc_ht=instagram.fhio3-1.fna.fbcdn.net&_nc_cat=100&_nc_oc=Q6cZ2QH12m3TxIoJLGgqYW0qxowicVHCaMPHT79knle6U-jOXIY5qiisivlIpIKIbHCiXN8&_nc_ohc=_wWtWmAX8i4Q7kNvwEfa0aC&_nc_gid=JKW67ReBWS4KiLKOxGCSIg&edm=ANTKIIoBAAAA&ccb=7-5&oh=00_AfOMDnaHpwNRRb_msTCwR-HChgXMG9q0vjl-ZDKh6gu7cg&oe=68558483&_nc_sid=d885a2"",""id"":""3655196552713115161""},{""url"":""https://instagram.fhio3-1.fna.fbcdn.net/v/t51.2885-15/506299713_18504458050012500_5846518685146533705_n.jpg?stp=dst-jpg_e35_p1080x1080_sh0.08_tt6&_nc_ht=instagram.fhio3-1.fna.fbcdn.net&_nc_cat=100&_nc_oc=Q6cZ2QH12m3TxIoJLGgqYW0qxowicVHCaMPHT79knle6U-jOXIY5qiisivlIpIKIbHCiXN8&_nc_ohc=-WXTMlzSQnAQ7kNvwEcfI8B&_nc_gid=JKW67ReBWS4KiLKOxGCSIg&edm=ANTKIIoBAAAA&ccb=7-5&oh=00_AfPHpJc2NsFs0hxGr5BqODilSq0PzvaY6iIczI4DhLF03A&oe=685555E8&_nc_sid=d885a2"",""id"":""3655196553812032500""}]","Photo by Sgcarmart on June 14, 2025. May be an image of roadster, race car, wheel, blower and text that says 'SLOW CEy'.",9,"2025-06-16T04:05:01.871Z","{""url"":""https://www.instagram.com/p/DK53fbMsggH""}",,,,
"https://www.instagram.com/p/DK7Fa8BSajU","theofficialoto","Dikutip dari AntaraNews, Gubenur Jakarta, Pramono dikabarkan akan menerapkan kebijakan tarif ERP dan kenaikan parkir di Jakarta dengan tujuan untuk mengurangi penggunaan kendaraan pribadi di tengah kota. Tapi, yang menarik, ada 15 golongan masyarakat yang justru bakal mendapat subsidi penuh untuk naik MRT, LRT, dan TransJakarta, hingga bebas sistem Electronic Road Pricing (ERP) atau jalan berbayar elektronik.

Pramono menjelaskan dana yang diperoleh dari tarif parkir dan ERP nantinya akan dialihkan untuk menyubsidi layanan transportasi umum, termasuk TransJakarta, MRT, dan LRT, agar dapat digunakan secara gratis oleh 15 golongan masyarakat prioritas. ‚ÄúBagi warga yang termasuk dalam 15 golongan, naik MRT, LRT, TransJakarta itu gratis. Bahkan saat TransJabodetabek terbentuk, masyarakat dari Bogor, Depok, Tangerang, Bekasi, hingga Cianjur juga akan digratiskan,‚Äù jelas Pramono.

#otocom #efp #electronicroadpricing #dkijakarta #gubernurjakarta #infolalulintas","[""#otocom"",""#efp"",""#electronicroadpricing"",""#dkijakarta"",""#gubernurjakarta"",""#infolalulintas""]",0,"2025-06-15T13:31:12.000Z",,"[""https://scontent-sjc3-1.cdninstagram.com/v/t51.2885-15/508145563_18490825972071773_277390471053560740_n.jpg?stp=dst-jpg_e35_p1080x1080_sh0.08_tt6&_nc_ht=scontent-sjc3-1.cdninstagram.com&_nc_cat=105&_nc_oc=Q6cZ2QGBUfSknaFwGoaZhqg-yNga5HlfzQcOg5X4j6p6cy__W4hnd0Tn3uGmta14pKkDyss&_nc_ohc=vVbPvUS2oxEQ7kNvwECTdCa&_nc_gid=2Zv1ZGcp23JYB9_ZzYIEuA&edm=ANTKIIoBAAAA&ccb=7-5&oh=00_AfM4fsE8ew8xzmp-1uAVzt9X9YtoLuPj24nBptapVKqrdQ&oe=68556C8A&_nc_sid=d885a2""]",,,,"3655539363926354132","{""url"":""https://www.instagram.com/theofficialoto/"",""num_of_posts"":2,""posts_to_not_include"":[],""start_date"":""06-01-2025"",""end_date"":""06-16-2025"",""post_type"":""Post""}",,,"DK7Fa8BSajU","Image","3655539363926354132","DK7Fa8BSajU",,"https://scontent-sjc3-1.cdninstagram.com/v/t51.2885-15/508145563_18490825972071773_277390471053560740_n.jpg?stp=c0.166.1347.1347a_dst-jpg_e35_s640x640_sh0.08_tt6&_nc_ht=scontent-sjc3-1.cdninstagram.com&_nc_cat=105&_nc_oc=Q6cZ2QGBUfSknaFwGoaZhqg-yNga5HlfzQcOg5X4j6p6cy__W4hnd0Tn3uGmta14pKkDyss&_nc_ohc=vVbPvUS2oxEQ7kNvwECTdCa&_nc_gid=2Zv1ZGcp23JYB9_ZzYIEuA&edm=ANTKIIoBAAAA&ccb=7-5&oh=00_AfORIF9OKRI1eK8o7v98zMGJ47K0sxFsVyk1fXYMxSatzA&oe=68556C8A&_nc_sid=d885a2",,,,,,29020,7056,"https://scontent-sjc3-1.cdninstagram.com/v/t51.2885-19/299569743_1227830271341139_8361079930472237949_n.jpg?stp=dst-jpg_s150x150_tt6&_nc_ht=scontent-sjc3-1.cdninstagram.com&_nc_cat=103&_nc_oc=Q6cZ2QGBUfSknaFwGoaZhqg-yNga5HlfzQcOg5X4j6p6cy__W4hnd0Tn3uGmta14pKkDyss&_nc_ohc=5R8Gsn1ngOgQ7kNvwGcs9uh&_nc_gid=2Zv1ZGcp23JYB9_ZzYIEuA&edm=ANTKIIoBAAAA&ccb=7-5&oh=00_AfN62HoQkeHULazzBQBVPjzaNwph48w0D0U1CudcwU-e_w&oe=68557765&_nc_sid=d885a2",false,false,"{""profile_id"":null,""username"":null,""profile_url"":null}","2159991772","[{""index"":0,""type"":""Photo"",""url"":""https://scontent-sjc3-1.cdninstagram.com/v/t51.2885-15/508145563_18490825972071773_277390471053560740_n.jpg?stp=dst-jpg_e35_p1080x1080_sh0.08_tt6&_nc_ht=scontent-sjc3-1.cdninstagram.com&_nc_cat=105&_nc_oc=Q6cZ2QGBUfSknaFwGoaZhqg-yNga5HlfzQcOg5X4j6p6cy__W4hnd0Tn3uGmta14pKkDyss&_nc_ohc=vVbPvUS2oxEQ7kNvwECTdCa&_nc_gid=2Zv1ZGcp23JYB9_ZzYIEuA&edm=ANTKIIoBAAAA&ccb=7-5&oh=00_AfM4fsE8ew8xzmp-1uAVzt9X9YtoLuPj24nBptapVKqrdQ&oe=68556C8A&_nc_sid=d885a2"",""id"":""3655539363926354132""}]","{""audio_asset_id"":null,""original_audio_title"":null,""ig_artist_username"":null,""ig_artist_id"":null}","https://www.instagram.com/theofficialoto",,[],"Photo by The Official Oto on June 15, 2025. May be an image of 1 person, terminal and text that says 'OTO O BY CarDekho SEA Daftar 15 Golongan Bebas Tarif ERP Jakarta ¬∑PNS & Pensiunan DKI ¬∑a Kontrak DKI ‚Ä¢Penerima KJP Pekerja Bergaji UMP Penghuni Rusunawa Tim PKK ¬∑Warga Kepulauan Seribu Penerima Raskin TNI & Polri Veteran Disabilitas ‚Ä¢Lansia (>60 tahun) Pengurus Rumah Ibadah Guru dan Staf PAUD Jumantik (Juru Pemantau Jentik) ·Äû·Äö·Äï·Ä´·Ä∏·Äê·Ä´ ÁµÜ www.oto.com'.",0,"2025-06-16T04:05:03.313Z","{""url"":""https://www.instagram.com/p/DK7Fa8BSajU""}",,,,
